01NB455-20190615-145747.jpg 281.7 308.9 383.3 340.2 0.9510 0
03BDT873-20190615-132835.jpg 509.1 272.3 605.0 299.2 0.9480 0
03DU3111-20190615-080848.jpg 878.6 241.9 959.2 265.4 0.9071 0
03EH381-20190615-183514.jpg 526.7 292.2 630.9 320.5 0.9311 0
03EH512-20190615-141242.jpg 461.8 272.1 555.5 295.8 0.9330 0
03EN381-20190615-183500.jpg 526.9 292.1 630.9 320.6 0.9295 0
03EN381-20190615-183507.jpg 526.8 292.3 631.0 320.5 0.9302 0
03EN381-20190615-183513.jpg 526.7 292.2 631.0 320.6 0.9328 0
03F8238-20190615-093631.jpg 895.9 208.9 967.6 232.8 0.8894 0
03FD1290-20190615-163642.jpg 624.9 319.1 741.1 348.4 0.9352 0
03FS535-20190615-143305.jpg 405.5 270.5 500.0 295.5 0.9281 0
03GJ730-20190615-104614.jpg 346.1 292.0 438.6 316.7 0.9554 0
03GJ730-20190615-104617.jpg 345.4 292.0 438.4 316.9 0.9574 0
03GJ730-20190615-104948.jpg 345.9 291.8 438.3 316.7 0.9574 0
03GJ730-20190615-104953.jpg 346.1 291.9 438.2 316.8 0.9569 0
03GJ7308-20190615-104535.jpg 349.1 292.2 438.5 315.2 0.9176 0
03GJ7308-20190615-104819.jpg 348.6 294.3 437.7 316.0 0.9567 0
03GJ7308-20190615-105116.jpg 366.2 298.1 459.7 320.7 0.9588 0
03HE8672-20190615-135731.jpg 479.3 294.5 570.2 317.9 0.9130 0
03HL2663-20190615-150040.jpg 888.1 274.1 968.7 298.2 0.9160 0
03HLH24-20190615-141311.jpg 549.4 278.3 627.2 299.9 0.9041 0
03HLH24-20190615-141318.jpg 547.5 279.5 627.8 301.5 0.9044 0
03HLH24-20190615-141355.jpg 566.4 292.9 656.7 315.4 0.9139 0
03HLH24-20190615-141358.jpg 594.5 298.4 689.5 322.4 0.9317 0
03HY8327-20190615-174356.jpg 884.7 219.8 960.3 244.5 0.9344 0
03JL9299-20190615-182904.jpg 585.3 288.2 686.0 315.5 0.8903 0
03KNV50-20190615-172346.jpg 494.8 298.0 589.2 323.6 0.8599 0
03LP5074-20190615-192730.jpg 258.0 302.4 351.9 335.8 0.9502 0
03LU225-20190615-073330.jpg 841.6 262.8 911.9 282.5 0.9201 0
03LU225-20190615-113214.jpg 860.1 267.4 931.9 288.4 0.9012 0
03PL7370-20190615-194230.jpg 463.3 296.3 554.0 320.4 0.9286 0
03RU9097-20190615-145315.jpg 838.2 255.1 914.4 278.2 0.9237 0
03TGI52-20190615-172129.jpg 371.7 283.2 465.9 305.8 0.9281 0
03TKF69-20190615-122858.jpg 519.7 294.3 617.2 319.1 0.9212 0
03UC179-20190615-093418.jpg 435.8 297.7 531.6 321.9 0.9665 0
03UC179-20190615-093542.jpg 435.4 298.0 531.8 322.2 0.9122 0
03VN271-20190615-110048.jpg 845.5 267.2 939.0 292.6 0.9186 0
03YL4461-20190615-180220.jpg 344.7 292.4 440.6 321.7 0.8947 0
04B6393-20190615-092201.jpg 529.4 325.3 631.7 352.0 0.8327 0
04BBV25-20190615-075125.jpg 767.8 295.2 861.8 320.3 0.9249 0
04BBV25-20190615-125412.jpg 618.5 314.5 723.1 342.8 0.9320 0
04BEB32-20190615-140809.jpg 436.4 291.2 528.1 315.3 0.9169 0
04BHE845-20190615-202329.jpg 340.6 308.2 432.3 330.0 0.9643 0
04BHE845-20190615-202332.jpg 340.7 308.3 432.2 330.0 0.9612 0
04BHE845-20190615-202352.jpg 340.6 308.3 432.2 330.0 0.9641 0
04BHE846-20190615-202344.jpg 340.8 308.3 432.2 330.0 0.9657 0
04BJ660-20190615-160529.jpg 724.9 337.1 840.1 365.5 0.9358 0
04BRF048-20190615-202642.jpg 576.8 287.9 668.8 314.8 0.8763 0
04BSB119-20190615-201052.jpg 766.3 351.0 891.9 381.1 0.9220 0
04BSE464-20190615-153710.jpg 431.1 323.8 528.1 347.5 0.9260 0
04BVG393-20190615-092202.jpg 661.8 354.0 782.2 384.7 0.9575 0
04BVG393-20190615-153603.jpg 391.4 308.0 490.2 332.5 0.9354 0
04BVG393-20190615-153607.jpg 656.6 352.7 787.5 385.3 0.8636 0
04BYJ52-20190615-144228.jpg 555.9 294.9 648.6 319.1 0.8988 0
04CAU728-20190615-142917.jpg 372.9 304.4 470.2 328.2 0.8977 0
04CAU728-20190615-142936.jpg 373.2 304.4 469.9 328.2 0.8904 0
04EH4571-20190615-155721.jpg 622.0 330.1 729.8 358.5 0.9339 0
04EY0161-20190615-130003.jpg 619.5 327.2 723.4 352.7 0.9412 0
04FG5575-20190615-120110.jpg 459.7 296.3 557.2 323.2 0.9492 0
04FG5575-20190615-120115.jpg 458.9 298.1 557.2 325.0 0.9474 0
04FG5575-20190615-120121.jpg 460.0 298.2 557.1 325.4 0.9482 0
04FG5575-20190615-120123.jpg 459.9 298.1 557.1 325.3 0.9481 0
04FG5575-20190615-120126.jpg 459.5 298.0 557.3 325.2 0.9465 0
04FG5575-20190615-120131.jpg 459.8 298.1 557.6 325.7 0.9487 0
04FG5575-20190615-120136.jpg 459.6 298.2 557.5 325.8 0.9516 0
04FG5575-20190615-120140.jpg 459.7 298.1 557.5 325.9 0.9509 0
04FG5575-20190615-120143.jpg 458.9 298.0 557.5 326.1 0.9522 0
04FG5575-20190615-120146.jpg 458.8 297.9 557.6 326.1 0.9537 0
04FG5575-20190615-120149.jpg 459.1 297.9 557.5 326.2 0.9512 0
04FG5575-20190615-120154.jpg 459.9 298.1 557.2 326.2 0.9500 0
04FG5575-20190615-120156.jpg 460.3 297.9 557.4 326.2 0.9490 0
04FG5575-20190615-120158.jpg 460.3 297.9 557.4 326.2 0.9486 0
04FG5575-20190615-120200.jpg 464.0 296.8 562.5 324.6 0.9573 0
04GJ7308-20190615-192123.jpg 287.0 300.0 379.7 322.3 0.9461 0
04HLH24-20190615-141334.jpg 547.5 279.1 627.6 301.5 0.9095 0
04HLH24-20190615-141353.jpg 553.1 287.8 639.4 309.8 0.9251 0
04HZ0474-20190615-161906.jpg 722.4 300.3 816.9 325.3 0.9238 0
04JL7336-20190615-200509.jpg 536.6 306.3 614.4 326.4 0.8887 0
04JL7336-20190615-200511.jpg 694.3 368.3 817.4 397.8 0.9513 0
04JL736-20190615-200510.jpg 605.3 337.7 709.5 363.2 0.9557 0
04JU3765-20190615-153213.jpg 703.7 361.3 835.7 394.8 0.9153 0
04KHV50-20190615-192343.jpg 486.0 292.5 575.7 317.2 0.7882 0
04KNV50-20190615-172415.jpg 499.4 298.3 594.1 324.1 0.8320 0
04L0867-20190615-111912.jpg 496.4 296.6 585.2 322.5 0.8536 0
04L0867-20190615-142355.jpg 886.8 209.7 957.0 232.0 0.8035 0
04LN0867-20190615-111913.jpg 1008.4 452.7 1188.6 504.0 0.9260 0
04LU1352-20190615-181028.jpg 419.4 306.4 523.5 334.0 0.9532 0
04LU1352-20190615-181035.jpg 419.4 306.4 523.7 333.9 0.9523 0
04LU1352-20190615-181037.jpg 419.4 306.4 523.7 333.9 0.9525 0
04LU2245-20190615-182041.jpg 709.1 392.5 851.7 428.2 0.9292 0
04LYE352-20190615-201900.jpg 893.2 487.0 1107.0 539.5 0.9607 0
04P6798-20190615-175937.jpg 320.2 308.0 422.2 335.3 0.9541 0
04PF4322-20190615-185511.jpg 686.8 354.5 792.9 381.1 0.9468 0
04PG798-20190615-175938.jpg 320.1 308.0 422.3 335.3 0.9534 0
04PG798-20190615-175947.jpg 409.8 313.1 516.5 341.6 0.9110 0
04PL732-20190615-153346.jpg 341.8 276.5 436.4 301.3 0.9226 0
04PL7323-20190615-153303.jpg 341.8 277.0 436.5 302.3 0.9279 0
04PL7323-20190615-153317.jpg 342.3 276.3 436.2 301.3 0.9271 0
04PL7323-20190615-153318.jpg 342.2 276.3 436.2 301.3 0.9270 0
04PL7323-20190615-153319.jpg 342.2 276.3 436.3 301.2 0.9232 0
04PL7323-20190615-153321.jpg 342.3 276.3 436.5 301.2 0.9299 0
04PL7323-20190615-153322.jpg 342.2 276.3 436.3 301.3 0.9266 0
04PL7323-20190615-153333.jpg 342.1 276.2 436.6 301.4 0.9171 0
04PL7323-20190615-153344.jpg 341.8 276.5 436.4 301.3 0.9234 0
04PL7323-20190615-153346.jpg 341.8 276.5 436.5 301.3 0.9222 0
04PL7323-20190615-153347.jpg 342.1 276.3 436.4 301.2 0.9232 0
04PL7323-20190615-153351.jpg 342.1 276.4 436.4 301.3 0.9218 0
04PL7323-20190615-153352.jpg 342.0 276.3 436.3 301.4 0.9209 0
04PL7323-20190615-153354.jpg 341.9 276.2 436.4 301.4 0.9159 0
04PL7323-20190615-153357.jpg 341.7 276.2 436.4 301.4 0.9192 0
04PL8519-20190615-175928.jpg 786.4 354.8 886.3 383.4 0.9457 0
04PL8619-20190615-175929.jpg 883.8 403.5 1010.8 438.5 0.9425 0
04PR6941-20190615-163041.jpg 895.0 227.2 978.4 250.8 0.9204 0
04PS2553-20190615-073714.jpg 872.7 216.7 954.2 241.0 0.9323 0
04RG2152-20190615-200603.jpg 483.3 302.9 593.9 332.5 0.9376 0
04RG4495-20190615-133212.jpg 509.4 339.2 619.6 369.4 0.9347 0
04RU9097-20190615-144403.jpg 301.2 286.8 395.1 313.1 0.9279 0
04RU9097-20190615-144422.jpg 506.8 343.7 642.4 379.7 0.9307 0
04RY1955-20190615-190944.jpg 480.1 294.5 579.3 321.7 0.9091 0
04RY1955-20190615-190945.jpg 481.2 295.2 580.1 322.4 0.9032 0
04RY1955-20190615-190949.jpg 481.2 295.4 580.0 322.4 0.9017 0
04RY1955-20190615-190951.jpg 481.3 295.5 580.0 322.6 0.8987 0
04RY1955-20190615-190953.jpg 481.0 295.4 580.2 322.5 0.9017 0
04RY1955-20190615-190956.jpg 481.3 295.6 580.0 322.4 0.8983 0
04RY1955-20190615-191000.jpg 481.3 295.4 580.1 322.5 0.8960 0
04RY1955-20190615-191001.jpg 481.2 295.5 580.0 322.5 0.8958 0
04RY1955-20190615-191008.jpg 480.7 294.5 579.9 321.8 0.9068 0
04RY1955-20190615-191025.jpg 480.3 294.6 579.7 321.6 0.9149 0
04RY1955-20190615-191028.jpg 480.7 294.8 579.7 321.9 0.9123 0
04RY1955-20190615-191031.jpg 480.6 294.7 579.8 321.8 0.9105 0
04RY1955-20190615-191052.jpg 480.7 294.7 579.8 321.9 0.9066 0
04RY1955-20190615-191105.jpg 480.3 294.7 579.8 322.0 0.9128 0
04RY1955-20190615-191106.jpg 480.7 294.3 580.3 321.4 0.9067 0
04SG1367-20190615-195705.jpg 582.0 366.5 706.4 398.0 0.9398 0
04T1772-20190615-175302.jpg 567.0 292.3 662.8 319.6 0.9050 0
04TFP41-20190615-201205.jpg 590.3 293.3 682.3 317.7 0.8912 0
04TFP41-20190615-201217.jpg 597.3 292.1 688.6 316.6 0.8967 0
04TFP41-20190615-201221.jpg 595.6 286.9 682.7 309.9 0.9010 0
04TFV45-20190615-113414.jpg 477.7 291.8 576.9 316.1 0.9267 0
04TJ3599-20190615-201354.jpg 602.0 311.7 714.9 340.0 0.9493 0
04UT2759-20190615-141634.jpg 526.2 319.7 638.7 349.9 0.8992 0
04UU8723-20190615-152225.jpg 351.3 301.0 456.4 331.0 0.8632 0
04UU8723-20190615-152241.jpg 351.2 301.0 456.3 330.7 0.5815 0
04UU8750-20190615-192245.jpg 667.2 319.0 780.6 347.7 0.9317 0
04UUB723-20190615-152226.jpg 351.3 301.0 456.4 330.9 0.8724 0
04UUB723-20190615-152243.jpg 400.1 302.8 508.3 332.8 0.8744 0
04UZ135-20190615-143830.jpg 715.4 371.6 859.6 407.9 0.9489 0
04UZ536-20190615-185628.jpg 795.1 318.1 878.3 340.8 0.8873 0
04UZ5361-20190615-185629.jpg 874.1 340.7 968.0 365.5 0.9388 0
04UZ6208-20190615-134419.jpg 391.2 307.3 487.5 333.2 0.9216 0
04UZ9557-20190615-190027.jpg 543.8 310.3 649.3 340.7 0.7306 0
04VB2704-20190615-131536.jpg 653.6 307.3 751.1 333.0 0.9280 0
04XP5593-20190615-142551.jpg 513.3 317.7 599.1 339.3 0.9274 0
04YT422-20190615-143332.jpg 366.6 308.4 468.3 336.2 0.9087 0
04Z6189-20190615-124617.jpg 544.7 284.7 629.3 306.4 0.9319 0
05D60238-20190615-113842.jpg 594.3 286.1 682.1 310.0 0.9419 0
05DE0261-20190615-161619.jpg 865.4 216.5 940.0 239.6 0.9358 0
05DZ1226-20190615-130344.jpg 529.4 346.1 656.7 380.0 0.9328 0
05DZ7165-20190615-131944.jpg 579.3 312.5 684.1 337.2 0.9151 0
05FJ5219-20190615-173703.jpg 546.2 285.0 631.9 307.4 0.9013 0
05H8739-20190615-233213.jpg 536.4 299.2 646.0 329.2 0.9496 0
05HNV04-20190615-074844.jpg 495.3 298.1 597.4 321.5 0.9474 0
05f35cfc160119490a1fcc065740f11e.jpg 248.9 215.5 403.1 291.2 0.6789 1
06AC4894-20190615-115029.jpg 631.4 323.2 751.0 356.0 0.8930 0
06AC4894-20190615-150407.jpg 734.0 313.7 842.5 344.6 0.9327 0
06AKY62-20190615-105510.jpg 308.1 301.8 401.7 329.7 0.9157 0
06AKY62-20190615-105513.jpg 326.1 305.7 423.1 333.8 0.9010 0
06AKY62-20190615-105514.jpg 333.5 306.3 430.4 334.9 0.9070 0
06AXY62-20190615-105514.jpg 331.6 306.1 428.1 334.0 0.9087 0
06BA540-20190615-232458.jpg 562.2 318.2 681.5 348.2 0.9515 0
06BA540-20190615-232459.jpg 934.8 459.5 1141.4 518.5 0.9524 0
06BA8817-20190615-080337.jpg 834.5 367.0 973.5 401.9 0.9478 0
06BAK50-20190615-232458.jpg 616.5 337.0 753.2 371.5 0.9305 0
06BAK540-20190615-232458.jpg 663.6 364.8 811.5 402.5 0.9027 0
06BCZ37-20190615-140907.jpg 815.9 296.6 903.1 320.1 0.8997 0
06BCZ37-20190615-140912.jpg 345.9 280.5 437.0 304.2 0.9367 0
06BCZ37-20190615-140915.jpg 345.8 280.4 437.0 304.3 0.9378 0
06BCZ37-20190615-140918.jpg 345.7 280.3 436.9 304.2 0.9390 0
06BCZ43-20190615-140905.jpg 388.2 273.1 472.5 296.6 0.9379 0
06BCZ437-20190615-140905.jpg 362.8 276.6 452.3 300.7 0.9392 0
06BCZ437-20190615-140906.jpg 344.9 280.2 437.8 305.2 0.9039 0
06BCZ437-20190615-140909.jpg 1061.1 453.3 1257.9 500.5 0.9395 0
06BCZ437-20190615-140911.jpg 345.8 280.2 437.2 304.3 0.9370 0
06BCZ437-20190615-140912.jpg 345.9 280.4 437.1 304.1 0.9368 0
06BCZ437-20190615-140916.jpg 345.9 280.4 437.0 304.3 0.9383 0
06BCZ437-20190615-140917.jpg 345.6 280.3 436.9 304.3 0.9390 0
06BCZ437-20190615-140918.jpg 345.7 280.3 436.9 304.2 0.9389 0
06DE0251-20190615-100344.jpg 530.7 287.4 614.6 311.5 0.9272 0
06DE026-20190615-073739.jpg 902.1 217.8 970.5 239.6 0.9045 0
06DE026-20190615-122435.jpg 858.2 218.1 932.5 241.2 0.9430 0
06DE026-20190615-151028.jpg 838.1 310.4 937.7 337.0 0.8919 0
06DE026-20190615-234232.jpg 652.8 326.6 775.7 357.7 0.9496 0
06DE0261-20190615-100345.jpg 698.1 332.3 812.4 362.2 0.9598 0
06DE0261-20190615-151029.jpg 866.6 318.8 972.7 346.6 0.9032 0
06DED26-20190615-234233.jpg 872.9 407.4 1045.3 453.6 0.9202 0
06DED261-20190615-234231.jpg 598.0 309.9 707.2 338.0 0.9457 0
06DEO26-20190615-234231.jpg 575.9 301.5 680.7 329.0 0.9043 0
06DEO261-20190615-100345.jpg 807.0 370.9 945.3 407.1 0.9273 0
06DEO261-20190615-161618.jpg 890.3 222.3 967.1 245.3 0.9150 0
06DEO261-20190615-234232.jpg 704.6 347.9 836.6 382.2 0.9477 0
06DG0238-20190615-113843.jpg 666.9 345.6 793.1 376.6 0.9369 0
06DG0238-20190615-201317.jpg 575.8 305.9 676.3 330.9 0.9282 0
06DV9414-20190615-200859.jpg 602.5 320.5 708.4 349.7 0.9214 0
06DY914-20190615-200858.jpg 546.1 297.7 639.6 324.7 0.5309 0
06DY9414-20190615-200859.jpg 586.4 314.8 688.7 342.8 0.9119 0
06DY9873-20190615-155202.jpg 647.5 299.0 747.2 325.7 0.9384 0
06DZ1226-20190615-130343.jpg 421.0 293.9 513.7 321.4 0.8978 0
06DZ1226-20190615-130344.jpg 656.7 393.5 809.4 434.2 0.9224 0
06DZ7165-20190615-131943.jpg 475.5 287.6 566.9 310.9 0.9049 0
06DZ7165-20190615-131944.jpg 645.7 320.6 761.5 349.1 0.9399 0
06FF013-20190615-210040.jpg 610.2 333.8 744.0 368.0 0.9402 0
06FF013-20190615-210041.jpg 702.5 373.5 859.6 415.4 0.9277 0
06FF0193-20190615-070410.jpg 895.0 218.8 968.6 241.2 0.9186 0
06FF0193-20190615-190333.jpg 413.6 278.1 512.0 305.0 0.9094 0
06FF0193-20190615-190334.jpg 631.0 351.8 772.7 386.7 0.9376 0
06FF0193-20190615-210040.jpg 576.1 316.3 693.7 346.0 0.9431 0
06FF5632-20190615-235837.jpg 473.0 310.6 582.0 339.1 0.9494 0
06FFC193-20190615-210039.jpg 567.2 305.5 677.4 335.5 0.9422 0
06FFO193-20190615-190333.jpg 467.0 299.9 576.3 328.1 0.8999 0
06FFO193-20190615-190334.jpg 575.8 326.9 706.3 360.5 0.9384 0
06FFO193-20190615-190335.jpg 797.8 393.9 972.4 437.8 0.9337 0
06FFO193-20190615-210040.jpg 634.4 350.7 777.0 388.0 0.9338 0
06FFO193-20190615-210041.jpg 773.0 401.3 951.4 446.9 0.9415 0
06FJ5219-20190615-173703.jpg 588.1 297.0 680.1 320.5 0.8945 0
06FJ5219-20190615-175654.jpg 839.4 254.6 920.2 276.5 0.8803 0
06FJ5219-20190615-182312.jpg 638.5 316.3 741.2 341.7 0.9314 0
06FJ5219-20190615-193237.jpg 890.7 266.2 970.5 289.1 0.9152 0
06FJ5219-20190615-201034.jpg 522.0 287.0 610.5 310.3 0.8945 0
06H9737-20190615-202106.jpg 862.9 216.7 933.5 237.9 0.9072 0
06HA739-20190615-233213.jpg 574.9 315.9 694.3 348.3 0.9536 0
06HA8739-20190615-233213.jpg 614.7 320.3 746.3 355.2 0.9458 0
06HHV04-20190615-074836.jpg 447.5 291.4 541.5 313.3 0.9443 0
06HHV04-20190615-074837.jpg 495.5 301.8 595.2 325.0 0.9325 0
06HHV04-20190615-074839.jpg 495.8 300.4 597.2 323.7 0.9019 0
06HHV04-20190615-074840.jpg 495.3 300.4 597.0 323.9 0.9097 0
06HHV04-20190615-074841.jpg 494.0 300.1 596.7 323.7 0.9112 0
06HHV04-20190615-074842.jpg 494.6 300.4 596.2 323.8 0.9360 0
06HHV04-20190615-074843.jpg 495.8 298.1 597.6 321.3 0.9482 0
06HHV04-20190615-074846.jpg 495.3 297.1 597.6 320.6 0.9556 0
06HHV04-20190615-074852.jpg 495.7 298.8 597.3 322.1 0.9431 0
06HHV04-20190615-074854.jpg 501.6 297.4 606.0 321.0 0.9453 0
06HHV04-20190615-194830.jpg 462.4 295.0 553.3 316.3 0.9355 0
06HHV04-20190615-194832.jpg 486.6 304.8 588.3 328.8 0.9319 0
06HHV04-20190615-194833.jpg 486.2 303.8 588.4 327.8 0.9349 0
06HHV04-20190615-194834.jpg 486.0 303.8 588.3 327.7 0.9338 0
06HHV04-20190615-194835.jpg 486.0 302.7 588.6 326.7 0.9305 0
06HHV04-20190615-194836.jpg 486.0 302.5 588.6 326.4 0.9293 0
06HHV04-20190615-194837.jpg 486.0 302.4 588.6 326.1 0.9303 0
06HHV04-20190615-194838.jpg 485.9 302.4 588.6 326.1 0.9306 0
06HHV04-20190615-194839.jpg 486.0 302.4 588.6 326.1 0.9317 0
06HHV04-20190615-194840.jpg 486.1 302.6 588.7 326.4 0.9313 0
06HHV04-20190615-194842.jpg 487.7 301.8 592.4 326.2 0.9402 0
06HMV04-20190615-194831.jpg 483.2 303.6 583.9 327.0 0.9300 0
06HNV04-20190615-074837.jpg 478.1 300.0 578.4 322.6 0.9093 0
06HNV04-20190615-074838.jpg 495.6 299.7 597.6 323.1 0.9469 0
06HNV04-20190615-074840.jpg 495.1 300.1 596.9 323.6 0.8808 0
06HNV04-20190615-074841.jpg 494.3 300.3 596.4 323.7 0.9285 0
06HNV04-20190615-074843.jpg 495.9 298.1 597.3 321.1 0.9525 0
06HNV04-20190615-074845.jpg 495.4 297.7 597.0 320.9 0.9560 0
06HNV04-20190615-074847.jpg 495.3 296.8 597.6 320.3 0.9600 0
06HNV04-20190615-074854.jpg 495.4 298.6 597.8 322.0 0.9442 0
06HNV04-20190615-074855.jpg 525.0 304.0 628.4 328.2 0.9497 0
06HNV04-20190615-194830.jpg 463.4 290.9 552.4 312.1 0.9368 0
06HNV04-20190615-194831.jpg 473.6 298.5 572.8 321.3 0.9488 0
06HNV04-20190615-194832.jpg 486.2 303.4 588.3 327.4 0.9317 0
06HNV04-20190615-194834.jpg 486.0 303.4 588.2 327.4 0.9342 0
06HNV04-20190615-194835.jpg 486.0 302.6 588.7 326.6 0.9319 0
06HNV04-20190615-194836.jpg 486.0 302.4 588.5 326.4 0.9307 0
06HNV04-20190615-194838.jpg 485.9 302.4 588.6 326.1 0.9310 0
06HNV04-20190615-194839.jpg 485.9 302.6 588.4 326.4 0.9297 0
06HNV04-20190615-194841.jpg 486.1 302.6 588.8 326.5 0.9331 0
06HNV04-20190615-194842.jpg 520.2 308.8 628.2 334.0 0.9427 0
06IIN04-20190615-074836.jpg 433.9 285.6 526.3 307.9 0.9444 0
06IKY62-20190615-105513.jpg 326.9 305.8 422.8 333.7 0.9030 0
06OEO261-20190615-151028.jpg 769.2 285.4 849.1 307.2 0.8173 0
07BGY84-20190615-050151.jpg 580.0 315.1 697.4 343.9 0.9524 0
07BGY84-20190615-134540.jpg 443.5 276.3 535.4 300.6 0.5265 0
07BGY84-20190615-194549.jpg 487.8 280.8 576.5 303.2 0.8757 0
07EF685-20190615-135303.jpg 604.8 260.8 678.2 282.5 0.8926 0
07G0925-20190615-232404.jpg 493.1 330.3 599.1 356.7 0.9414 0
07GBE92-20190615-160317.jpg 435.9 289.7 526.0 313.8 0.9164 0
07GBE92-20190615-172432.jpg 675.3 288.2 759.8 311.1 0.8876 0
07GDB25-20190615-232405.jpg 580.3 386.1 718.6 419.3 0.9300 0
07GOB25-20190615-232405.jpg 552.8 361.6 681.2 393.3 0.9418 0
07GP686-20190615-135304.jpg 635.6 272.5 723.4 296.0 0.8983 0
07GPG85-20190615-135305.jpg 714.8 318.4 843.4 349.9 0.9433 0
07GPG86-20190615-135304.jpg 660.3 284.4 763.4 310.7 0.9150 0
07GPG86-20190615-135305.jpg 736.7 332.3 875.6 366.0 0.9305 0
07GQB25-20190615-232405.jpg 529.7 353.5 650.2 382.7 0.9463 0
07GQB25-20190615-232406.jpg 673.4 425.6 833.7 469.7 0.9134 0
09BK403-20190615-222318.jpg 322.1 292.5 425.1 318.4 0.6770 0
09BK403-20190615-222318.jpg 321.9 292.5 424.5 318.3 0.5461 0
09BK403-20190615-222324.jpg 323.2 291.5 425.2 316.7 0.9301 0
09BK403-20190615-222333.jpg 323.3 291.5 425.1 316.6 0.9318 0
09BK403-20190615-222338.jpg 323.2 291.5 425.2 316.7 0.9302 0
09BK403-20190615-222344.jpg 323.0 291.5 425.2 316.7 0.9348 0
09BKL03-20190615-222323.jpg 323.4 291.5 425.2 316.7 0.9300 0
09BKL03-20190615-222333.jpg 323.0 291.5 425.1 316.7 0.9359 0
09BKL03-20190615-222338.jpg 323.1 291.5 425.2 316.7 0.9302 0
09BX403-20190615-222343.jpg 323.0 291.6 425.2 316.7 0.9364 0
09DE599-20190615-133533.jpg 475.4 289.2 576.1 312.8 0.9222 0
09SB993-20190615-170345.jpg 335.3 284.2 429.6 311.6 0.9059 0
09SB993-20190615-170347.jpg 335.2 284.2 429.7 311.7 0.9048 0
09SB993-20190615-170349.jpg 335.1 284.2 429.8 311.6 0.9053 0
09SB993-20190615-170352.jpg 335.4 284.2 429.5 311.5 0.9078 0
09SB993-20190615-170355.jpg 335.1 284.3 429.6 311.8 0.9048 0
09SB993-20190615-170359.jpg 335.5 284.2 429.7 311.6 0.9055 0
09SB993-20190615-170402.jpg 335.1 284.3 429.6 311.7 0.9051 0
09SB993-20190615-170403.jpg 335.1 284.3 429.6 311.7 0.9047 0
09SB993-20190615-170408.jpg 439.1 300.0 542.8 325.4 0.8774 0
10JA987-20190615-041812.jpg 806.5 379.8 954.3 417.9 0.9047 0
11DK817-20190615-125850.jpg 777.0 326.9 891.4 358.1 0.8700 0
11P9851-20190615-094322.jpg 417.5 276.1 512.6 304.3 0.9323 0
13AFB85-20190615-212647.jpg 453.4 361.7 572.2 391.8 0.9489 0
13BE6338-20190615-151056.jpg 236.3 299.7 325.5 321.4 0.9337 0
13BPS633-20190615-173754.jpg 208.3 290.3 306.6 314.0 0.9574 0
13BSV32-20190615-091931.jpg 385.1 281.9 480.8 313.8 0.9501 0
13BSV32-20190615-091936.jpg 383.9 281.7 481.0 313.7 0.9604 0
13BSY32-20190615-091935.jpg 384.1 281.8 481.0 313.9 0.9549 0
13BTE263-20190615-093920.jpg 659.7 320.2 776.1 350.4 0.9406 0
13EH512-20190615-141252.jpg 462.3 270.6 555.3 294.1 0.9317 0
13EN4512-20190615-141252.jpg 462.3 270.6 555.3 294.1 0.9313 0
13EN512-20190615-141243.jpg 462.1 269.9 555.4 293.6 0.9345 0
13EN512-20190615-141250.jpg 462.2 270.7 555.4 294.1 0.9292 0
13EN512-20190615-141257.jpg 462.2 270.6 554.9 294.1 0.9199 0
13F05575-20190615-120111.jpg 459.2 298.5 556.8 325.3 0.9459 0
13FG5575-20190615-120108.jpg 413.4 284.5 500.4 308.5 0.9405 0
13FG5575-20190615-120114.jpg 459.1 298.1 557.2 325.0 0.9482 0
13FG5575-20190615-120119.jpg 459.0 298.0 557.1 325.1 0.9476 0
13FG5575-20190615-120141.jpg 459.5 297.8 557.4 325.8 0.9538 0
13FG5575-20190615-120151.jpg 460.1 298.1 557.5 326.2 0.9482 0
13FG5575-20190615-120154.jpg 459.9 298.1 557.2 326.2 0.9498 0
13FG5575-20190615-120157.jpg 460.2 297.9 557.5 326.2 0.9488 0
13FG5575-20190615-120159.jpg 460.9 297.8 558.2 325.9 0.9510 0
13FL5396-20190615-131845.jpg 621.5 290.9 715.0 317.9 0.9068 0
13FS535-20190615-143304.jpg 420.6 260.6 505.8 283.4 0.9125 0
13GJ730-20190615-104539.jpg 347.7 292.1 438.1 316.1 0.9514 0
13GJ730-20190615-105002.jpg 346.2 292.1 438.9 316.9 0.9554 0
13GJ7308-20190615-104530.jpg 347.7 293.8 437.7 315.6 0.9564 0
13GJ7308-20190615-104534.jpg 349.1 292.6 438.5 315.1 0.9249 0
13GJ7308-20190615-104831.jpg 348.0 293.4 438.3 315.9 0.9340 0
13GJ7308-20190615-104837.jpg 348.4 294.1 438.0 315.9 0.9530 0
13GJ7308-20190615-104909.jpg 348.9 293.1 437.8 315.3 0.9257 0
13GJ7308-20190615-105003.jpg 346.2 292.1 438.9 316.9 0.9551 0
13GJ7308-20190615-105050.jpg 348.4 294.1 437.8 315.8 0.9549 0
13GJ7308-20190615-192142.jpg 287.0 299.8 379.9 322.0 0.9479 0
13HD557-20190615-233519.jpg 375.2 304.8 479.3 330.7 0.9454 0
13HL2663-20190615-150041.jpg 836.1 262.6 913.0 284.9 0.9051 0
13JD952-20190615-135042.jpg 536.1 293.8 627.0 317.0 0.9047 0
13KNV50-20190615-172350.jpg 495.2 298.1 589.7 323.7 0.8668 0
13KNV50-20190615-172353.jpg 495.5 298.2 589.2 323.6 0.8641 0
13KT3255-20190615-104150.jpg 884.6 239.6 963.5 261.4 0.9207 0
13LE0350-20190615-173115.jpg 288.8 300.5 390.1 333.8 0.9647 0
13LE0350-20190615-173124.jpg 288.2 300.4 390.1 333.9 0.9654 0
13LE0350-20190615-173131.jpg 288.4 300.5 390.3 333.9 0.9646 0
13LE0350-20190615-173141.jpg 288.7 300.5 390.0 333.8 0.9644 0
13LJL77-20190615-090647.jpg 873.4 277.5 957.7 299.2 0.8704 0
13LP507-20190615-192756.jpg 257.8 302.4 352.0 335.7 0.9539 0
13LP507-20190615-192758.jpg 257.6 302.4 352.0 335.6 0.9538 0
13LP5074-20190615-192729.jpg 257.9 302.3 352.1 335.7 0.9507 0
13LP5074-20190615-192730.jpg 258.0 302.4 351.9 335.8 0.9503 0
13LP5074-20190615-192731.jpg 258.0 302.4 351.9 335.8 0.9506 0
13LP5074-20190615-192743.jpg 257.5 302.3 352.0 335.7 0.9525 0
13LP5074-20190615-192746.jpg 257.6 302.3 352.2 335.7 0.9530 0
13LP607-20190615-192737.jpg 258.0 302.3 351.9 335.7 0.9535 0
13LP6074-20190615-192716.jpg 257.4 302.4 352.2 335.7 0.9525 0
13LP6074-20190615-192742.jpg 257.3 302.3 351.7 335.7 0.9524 0
13LP6074-20190615-192746.jpg 257.6 302.3 352.2 335.7 0.9536 0
13LPG07-20190615-192720.jpg 257.9 302.5 351.9 335.7 0.9508 0
13LPG07-20190615-192745.jpg 257.7 302.3 352.2 335.7 0.9533 0
13LPG074-20190615-192730.jpg 257.9 302.3 352.1 335.7 0.9507 0
13LPG074-20190615-192735.jpg 258.0 302.3 352.0 335.7 0.9534 0
13LPG074-20190615-192745.jpg 257.7 302.2 352.1 335.7 0.9519 0
13LPG074-20190615-192752.jpg 257.7 302.4 352.2 335.7 0.9518 0
13LU2118-20190615-141707.jpg 506.7 284.7 595.0 308.9 0.9175 0
13LY3480-20190615-184236.jpg 379.9 300.1 474.2 323.9 0.9192 0
13LY3480-20190615-184245.jpg 379.6 300.1 474.4 323.9 0.9338 0
13LY3480-20190615-184247.jpg 379.4 300.2 474.3 324.0 0.9320 0
13LY3480-20190615-184251.jpg 379.1 300.2 474.0 323.9 0.9322 0
13LY3480-20190615-184254.jpg 379.1 300.1 474.5 324.1 0.9307 0
13LY380-20190615-184236.jpg 380.2 300.1 474.2 323.8 0.9146 0
13LY380-20190615-184237.jpg 379.5 300.2 474.6 324.0 0.9289 0
13LY380-20190615-184241.jpg 379.2 300.1 474.7 324.0 0.9303 0
13LY380-20190615-184250.jpg 379.6 300.2 474.0 323.9 0.9307 0
13LY380-20190615-184251.jpg 379.1 300.2 474.0 323.9 0.9317 0
13LY380-20190615-184253.jpg 379.2 300.1 474.5 324.0 0.9285 0
13LY380-20190615-184254.jpg 379.1 300.1 474.5 324.1 0.9307 0
13LY380-20190615-184255.jpg 379.7 300.1 474.2 323.9 0.9312 0
13R6495-20190615-133159.jpg 286.8 316.1 377.7 339.9 0.9500 0
13R6495-20190615-133209.jpg 286.5 315.9 378.0 339.8 0.6462 0
13SL620-20190615-183357.jpg 887.3 222.2 959.5 242.0 0.5154 0
13TDJ52-20190615-145127.jpg 408.4 300.5 508.8 325.4 0.9039 0
13TDJ62-20190615-145036.jpg 408.0 300.5 508.5 325.4 0.9013 0
13TDJ62-20190615-145127.jpg 408.4 300.5 508.8 325.4 0.9001 0
13TGA52-20190615-104016.jpg 479.3 297.7 585.1 323.9 0.9226 0
13TUG562-20190615-164919.jpg 327.4 298.0 438.5 326.6 0.9302 0
13TUG662-20190615-164916.jpg 328.0 298.1 438.5 326.5 0.9296 0
13U1555-20190615-080910.jpg 350.4 233.8 441.9 256.3 0.9174 0
13UC179-20190615-093516.jpg 433.9 295.9 531.0 321.2 0.9399 0
13UC179-20190615-093528.jpg 434.1 296.7 531.3 321.8 0.9438 0
13UC179-20190615-093538.jpg 435.5 298.0 532.0 322.4 0.9619 0
13UC179-20190615-093541.jpg 435.5 298.0 531.8 322.1 0.9217 0
13UC179-20190615-110437.jpg 834.2 263.9 921.7 289.9 0.9110 0
13UH260-20190615-133845.jpg 292.6 282.1 382.7 305.0 0.9468 0
13UH260-20190615-193306.jpg 353.2 287.5 447.3 310.9 0.9522 0
13UK1555-20190615-080907.jpg 378.3 232.5 470.2 255.5 0.9128 0
13UU8723-20190615-152231.jpg 351.4 301.0 456.5 330.8 0.9212 0
13YT550-20190615-164128.jpg 555.2 289.5 643.2 311.8 0.9145 0
14UZ135-20190615-025754.jpg 520.5 292.1 620.9 318.9 0.9410 0
14ZS6202-20190615-235627.jpg 859.5 305.4 981.8 341.4 0.9236 0
15KM939-20190615-173606.jpg 412.6 325.8 504.0 349.3 0.9102 0
16DZ7165-20190615-131944.jpg 548.4 301.8 649.1 326.7 0.8876 0
16JVM85-20190615-123257.jpg 575.8 286.9 675.1 314.8 0.9401 0
16JVM85-20190615-130328.jpg 887.2 247.5 963.5 270.1 0.9231 0
16JVM85-20190615-144206.jpg 523.3 276.6 615.8 301.7 0.8833 0
16JVM85-20190615-151936.jpg 867.6 254.3 943.8 275.4 0.9233 0
16JVM85-20190615-161423.jpg 506.2 273.2 595.2 296.7 0.8872 0
16JVM85-20190615-181808.jpg 495.4 279.1 583.9 302.9 0.8744 0
16JVM85-20190615-233358.jpg 539.0 292.7 647.8 322.3 0.9535 0
16KM939-20190615-173556.jpg 412.5 326.0 504.1 349.3 0.9079 0
16KM939-20190615-173608.jpg 512.4 342.2 610.9 366.8 0.9546 0
16NDZ83-20190615-201340.jpg 527.5 295.5 618.6 318.9 0.9036 0
18LD565-20190615-171247.jpg 538.4 290.5 639.5 318.2 0.9235 0
18LD565-20190615-202755.jpg 574.0 329.0 702.6 364.0 0.9391 0
19SB993-20190615-170346.jpg 335.3 284.2 429.5 311.5 0.9055 0
2025-06-12 170636.jpg 116.4 275.3 188.2 316.9 0.5757 1
23BE6338-20190615-151058.jpg 235.7 298.0 325.8 319.8 0.9344 0
23PF3571-20190615-120530.jpg 426.2 292.0 516.9 315.2 0.9318 0
23PF3571-20190615-120534.jpg 426.2 292.0 516.9 315.3 0.9308 0
26BJ935-20190615-131317.jpg 529.5 346.3 645.7 378.7 0.9419 0
27BT031-20190615-025609.jpg 512.5 312.0 617.9 340.1 0.9552 0
27BTD31-20190615-025611.jpg 814.0 460.1 984.1 500.6 0.7167 0
27U8725-20190615-114335.jpg 455.3 315.5 564.9 343.9 0.9235 0
28NP329-20190615-231357.jpg 409.4 292.0 507.0 317.1 0.9377 0
30BE6338-20190615-151106.jpg 235.8 298.0 325.5 319.7 0.9311 0
30BHR586-20190615-001244.jpg 571.5 335.6 690.1 366.1 0.9406 0
30E0210-20190615-182111.jpg 572.4 287.6 663.7 310.3 0.9278 0
30GJ730-20190615-104539.jpg 347.8 292.2 438.1 316.1 0.9508 0
30GJ730-20190615-104550.jpg 346.1 291.9 438.6 316.6 0.9571 0
30GJ7308-20190615-104530.jpg 347.8 293.8 437.6 315.5 0.9572 0
30GJ7308-20190615-104545.jpg 346.4 291.9 438.6 316.5 0.9561 0
30GJ7308-20190615-104610.jpg 346.2 292.1 438.6 316.8 0.9573 0
30GJ7308-20190615-104628.jpg 345.8 292.1 438.6 316.9 0.9561 0
30GJ7308-20190615-104711.jpg 345.7 292.3 438.5 317.3 0.9580 0
30GJ7308-20190615-104744.jpg 347.9 294.3 437.2 316.0 0.9497 0
30GJ7308-20190615-104804.jpg 348.6 294.3 437.7 315.9 0.9572 0
30GJ7308-20190615-104841.jpg 347.6 293.1 438.1 315.6 0.9279 0
30GJ7308-20190615-105112.jpg 349.2 294.2 439.3 315.7 0.9576 0
30HO594-20190615-152756.jpg 544.4 257.5 617.9 280.1 0.9061 0
30I7439-20190615-192624.jpg 394.0 287.9 479.7 311.6 0.9130 0
30J7308-20190615-104529.jpg 347.8 293.7 437.6 315.4 0.9572 0
30J7308-20190615-104532.jpg 348.2 293.8 437.8 315.6 0.9567 0
30J7308-20190615-104538.jpg 347.9 292.2 438.1 316.0 0.9495 0
30J7308-20190615-104539.jpg 347.7 292.2 438.1 316.2 0.9514 0
30J7308-20190615-104540.jpg 347.5 292.1 438.1 316.2 0.9527 0
30J7308-20190615-104624.jpg 345.7 292.1 438.5 316.8 0.9575 0
30J7308-20190615-104629.jpg 345.8 292.1 438.6 316.9 0.9558 0
30J7308-20190615-104632.jpg 346.3 292.3 438.5 317.0 0.9582 0
30J7308-20190615-104636.jpg 345.6 292.1 438.5 316.9 0.9570 0
30J7308-20190615-104639.jpg 345.8 292.1 438.6 317.0 0.9595 0
30J7308-20190615-104646.jpg 345.7 292.2 438.4 317.1 0.9585 0
30J7308-20190615-104651.jpg 345.6 292.2 438.5 317.1 0.9583 0
30J7308-20190615-104652.jpg 345.5 292.3 438.4 317.1 0.9575 0
30J7308-20190615-104701.jpg 345.4 292.3 438.6 317.3 0.9559 0
30J7308-20190615-104703.jpg 346.0 292.3 438.7 317.3 0.9576 0
30J7308-20190615-104704.jpg 346.1 292.4 438.5 317.2 0.9582 0
30J7308-20190615-104707.jpg 345.8 292.3 438.6 317.3 0.9590 0
30J7308-20190615-104709.jpg 345.3 292.2 438.7 317.3 0.9589 0
30J7308-20190615-104714.jpg 345.6 292.3 438.4 317.2 0.9593 0
30J7308-20190615-104715.jpg 345.5 292.3 438.4 317.2 0.9585 0
30J7308-20190615-104718.jpg 345.5 292.4 438.4 317.5 0.9578 0
30J7308-20190615-104723.jpg 345.3 292.4 439.0 317.5 0.9574 0
30J7308-20190615-104725.jpg 345.8 292.4 438.4 317.3 0.9570 0
30J7308-20190615-104726.jpg 345.2 292.4 439.2 317.6 0.9585 0
30J7308-20190615-104727.jpg 345.2 292.3 439.3 317.7 0.9584 0
30J7308-20190615-104729.jpg 345.4 292.5 438.5 317.4 0.9594 0
30J7308-20190615-104735.jpg 345.6 292.5 438.9 317.3 0.9509 0
30J7308-20190615-104736.jpg 346.4 292.4 438.8 317.0 0.9496 0
30J7308-20190615-104737.jpg 347.1 292.4 438.8 316.7 0.9417 0
30J7308-20190615-104743.jpg 348.0 294.3 437.2 316.0 0.9509 0
30J7308-20190615-104746.jpg 348.2 294.5 437.4 316.1 0.9540 0
30J7308-20190615-104750.jpg 348.2 294.4 437.2 316.0 0.9538 0
30J7308-20190615-104758.jpg 347.8 294.2 437.9 316.0 0.9542 0
30J7308-20190615-104801.jpg 348.3 294.3 437.5 315.9 0.9564 0
30J7308-20190615-104803.jpg 348.0 294.3 437.4 315.8 0.9560 0
30J7308-20190615-104827.jpg 348.0 292.4 438.2 315.7 0.9225 0
30J7308-20190615-104831.jpg 348.1 293.4 438.4 315.9 0.9343 0
30J7308-20190615-104832.jpg 347.7 293.6 438.2 315.8 0.9410 0
30J7308-20190615-104837.jpg 348.4 294.1 438.0 315.9 0.9524 0
30J7308-20190615-104843.jpg 348.0 292.2 438.2 315.8 0.9261 0
30J7308-20190615-104845.jpg 347.8 292.1 438.3 315.9 0.9266 0
30J7308-20190615-104858.jpg 347.9 292.3 438.6 315.7 0.9232 0
30J7308-20190615-104900.jpg 348.1 293.3 438.3 315.6 0.9330 0
30J7308-20190615-104901.jpg 348.3 294.0 437.6 315.8 0.9500 0
30J7308-20190615-104912.jpg 348.2 293.5 437.6 315.5 0.9390 0
30J7308-20190615-104922.jpg 348.0 294.0 437.8 315.7 0.9528 0
30J7308-20190615-104927.jpg 349.0 293.6 437.8 315.5 0.9370 0
30J7308-20190615-104929.jpg 348.9 292.9 438.1 315.3 0.9198 0
30J7308-20190615-104930.jpg 348.9 292.9 438.3 315.3 0.9197 0
30J7308-20190615-104938.jpg 348.2 292.0 438.8 315.8 0.9278 0
30J7308-20190615-104944.jpg 346.3 292.0 439.0 317.2 0.9565 0
30J7308-20190615-104950.jpg 345.9 291.9 438.4 316.8 0.9573 0
30J7308-20190615-104951.jpg 346.3 291.9 438.3 316.7 0.9553 0
30J7308-20190615-105005.jpg 346.3 292.0 438.8 317.0 0.9560 0
30J7308-20190615-105008.jpg 345.8 292.0 438.4 317.0 0.9576 0
30J7308-20190615-105011.jpg 345.9 292.2 439.0 317.1 0.9577 0
30J7308-20190615-105022.jpg 345.9 292.1 438.6 316.7 0.9440 0
30J7308-20190615-105025.jpg 348.0 293.6 438.0 315.6 0.9454 0
30J7308-20190615-105026.jpg 348.2 293.9 437.5 315.6 0.9538 0
30J7308-20190615-105029.jpg 348.0 294.0 437.8 315.8 0.9541 0
30J7308-20190615-105031.jpg 347.9 293.9 438.1 315.7 0.9556 0
30J7308-20190615-105034.jpg 347.6 294.0 437.5 315.8 0.9524 0
30J7308-20190615-105038.jpg 347.7 293.8 438.0 315.7 0.9552 0
30J7308-20190615-105039.jpg 347.8 293.8 438.0 315.7 0.9553 0
30J7308-20190615-105041.jpg 347.8 294.0 437.7 315.7 0.9548 0
30J7308-20190615-105044.jpg 347.9 293.8 437.6 315.7 0.9545 0
30J7308-20190615-105046.jpg 347.4 293.9 437.6 315.8 0.9543 0
30J7308-20190615-105052.jpg 347.9 293.9 437.8 315.7 0.9544 0
30J7308-20190615-105053.jpg 348.3 294.0 437.9 315.7 0.9541 0
30J7308-20190615-105054.jpg 348.3 294.0 437.8 315.7 0.9543 0
30J7308-20190615-105056.jpg 347.3 293.8 437.8 315.7 0.9550 0
30J7308-20190615-105100.jpg 347.8 293.9 437.8 315.7 0.9549 0
30J7308-20190615-105106.jpg 348.1 293.9 437.5 315.6 0.9556 0
30JF536-20190615-214403.jpg 312.6 297.6 412.0 322.9 0.9428 0
30JF635-20190615-214413.jpg 313.4 297.5 412.4 322.8 0.9425 0
30JF635-20190615-214414.jpg 313.1 297.5 412.4 322.8 0.9427 0
30JF636-20190615-214402.jpg 312.6 297.6 412.1 322.9 0.9429 0
30JF636-20190615-214403.jpg 312.6 297.6 412.1 322.9 0.9427 0
30JF636-20190615-214405.jpg 312.8 297.6 412.2 322.8 0.9438 0
30JF636-20190615-214406.jpg 313.1 297.6 412.3 322.8 0.9431 0
30JF636-20190615-214408.jpg 313.1 297.5 412.4 322.8 0.9428 0
30JF636-20190615-214421.jpg 338.6 301.6 441.7 328.9 0.9309 0
30JFG35-20190615-214421.jpg 327.2 299.5 428.8 325.9 0.8663 0
30JFG36-20190615-214420.jpg 321.3 298.8 421.9 324.4 0.8649 0
30JL2377-20190615-220522.jpg 452.1 311.6 559.1 338.2 0.9453 0
30N7614-20190615-092901.jpg 355.7 291.2 456.4 320.3 0.9289 0
30P9055-20190615-175212.jpg 556.7 280.0 648.4 302.2 0.9341 0
30Y5508-20190615-231516.jpg 487.5 311.3 600.1 339.3 0.9531 0
31NB455-20190615-145750.jpg 336.9 316.6 445.6 348.3 0.9312 0
31NCZ91-20190615-152747.jpg 597.6 331.8 716.1 362.1 0.9268 0
31S0283-20190615-102544.jpg 454.0 282.4 537.4 305.2 0.9067 0
31S0283-20190615-102545.jpg 517.8 294.0 610.5 319.1 0.9124 0
31SO283-20190615-102545.jpg 479.6 284.6 566.6 308.0 0.9221 0
31U6652-20190615-165639.jpg 901.8 206.7 980.8 231.4 0.9161 0
32GA034-20190615-172722.jpg 344.8 279.9 438.6 304.7 0.9013 0
32GA034-20190615-172724.jpg 438.7 293.5 537.1 317.0 0.9344 0
32GA034-20190615-172726.jpg 438.9 292.8 537.3 316.0 0.9366 0
32GA034-20190615-172727.jpg 438.8 292.7 537.2 316.1 0.9368 0
32GA034-20190615-172732.jpg 438.6 292.8 537.3 316.2 0.9368 0
32GA034-20190615-172734.jpg 438.5 292.8 537.2 316.1 0.9362 0
32GA034-20190615-172736.jpg 438.5 292.6 537.2 316.2 0.9286 0
32GA034-20190615-172738.jpg 438.7 292.3 537.9 316.3 0.9155 0
32GA034-20190615-172739.jpg 438.9 292.6 537.2 316.1 0.9343 0
32GA034-20190615-172740.jpg 438.6 292.8 537.0 316.2 0.9377 0
32GA034-20190615-172743.jpg 438.9 292.8 537.1 316.2 0.9365 0
32GA034-20190615-172747.jpg 682.4 352.6 819.7 389.3 0.9421 0
32GA034-20190615-172748.jpg 755.0 383.2 925.2 428.5 0.9236 0
32GA036-20190615-172722.jpg 306.6 276.8 397.3 300.8 0.9055 0
32GAO34-20190615-172724.jpg 438.9 294.2 537.2 317.8 0.9317 0
32GAO34-20190615-172725.jpg 438.9 292.8 537.3 316.0 0.9373 0
32GAO34-20190615-172727.jpg 438.9 292.7 537.3 316.1 0.9374 0
32GAO34-20190615-172732.jpg 438.5 292.7 537.3 316.2 0.9373 0
32GAO34-20190615-172733.jpg 438.6 292.8 537.2 316.1 0.9362 0
32GAO34-20190615-172736.jpg 438.4 292.7 537.2 316.2 0.9349 0
32GAO34-20190615-172738.jpg 438.7 292.4 537.6 316.2 0.9176 0
32GAO34-20190615-172739.jpg 439.0 292.7 537.0 316.0 0.9429 0
32GAO34-20190615-172740.jpg 438.6 292.8 537.1 316.2 0.9388 0
32GAO34-20190615-172742.jpg 438.7 292.8 537.3 316.2 0.9386 0
32GAO34-20190615-172743.jpg 438.9 292.8 536.9 316.1 0.9373 0
32GAO34-20190615-172746.jpg 590.1 310.8 705.2 342.0 0.9427 0
32GAO34-20190615-172747.jpg 723.6 367.1 877.8 408.6 0.9392 0
32GAO34-20190615-172748.jpg 797.4 402.0 977.6 449.5 0.9409 0
32GAQ34-20190615-172740.jpg 438.6 292.8 537.0 316.2 0.9400 0
32S6202-20190615-182106.jpg 888.7 224.2 965.3 246.5 0.9067 0
33BCC910-20190615-114851.jpg 550.4 322.1 642.3 345.6 0.9371 0
33BD7977-20190615-091940.jpg 383.8 281.8 480.9 313.9 0.8718 0
33BE6338-20190615-151057.jpg 235.7 298.0 325.9 319.8 0.9320 0
33BE6338-20190615-151108.jpg 236.3 298.6 325.8 320.2 0.9294 0
33BPR718-20190615-134444.jpg 443.5 276.0 534.5 297.9 0.9509 0
33BPR718-20190615-134523.jpg 443.6 276.0 535.2 297.9 0.9524 0
33BPS633-20190615-173735.jpg 207.9 290.1 306.4 314.0 0.9587 0
33BPS633-20190615-173736.jpg 208.0 290.1 306.5 313.9 0.9601 0
33BPS633-20190615-173740.jpg 208.4 290.3 306.5 314.1 0.9563 0
33BPS633-20190615-173747.jpg 208.3 290.4 306.5 314.1 0.9558 0
33BPS633-20190615-173748.jpg 208.2 290.3 306.5 314.1 0.9563 0
33BPS633-20190615-173752.jpg 208.2 290.3 306.5 314.0 0.9577 0
33BPS633-20190615-173754.jpg 208.3 290.3 306.6 314.0 0.9574 0
33BPS633-20190615-173755.jpg 208.2 290.3 306.5 314.1 0.9564 0
33BPS633-20190615-173759.jpg 208.1 290.4 306.2 314.3 0.9569 0
33BPS633-20190615-173800.jpg 208.4 290.3 306.2 314.0 0.9553 0
33BSV32-20190615-091921.jpg 384.0 281.8 481.0 313.8 0.9577 0
33BSV32-20190615-091937.jpg 383.9 281.8 480.9 313.7 0.9602 0
33BSV324-20190615-091922.jpg 384.0 281.8 481.1 313.8 0.9572 0
33CUU755-20190615-121501.jpg 807.1 222.3 884.5 244.0 0.9345 0
33EH381-20190615-183458.jpg 469.2 288.3 562.9 312.7 0.9288 0
33EH381-20190615-183501.jpg 526.8 292.0 631.1 320.6 0.9300 0
33EH381-20190615-183505.jpg 526.8 292.3 631.0 320.5 0.9302 0
33EH381-20190615-183507.jpg 526.8 292.2 631.3 320.7 0.9312 0
33EH381-20190615-183526.jpg 526.6 292.3 630.8 320.6 0.9356 0
33EH381-20190615-183533.jpg 526.6 292.2 631.0 320.7 0.9329 0
33EH381-20190615-183535.jpg 526.6 292.2 630.9 320.6 0.9303 0
33EH381-20190615-183536.jpg 526.6 292.1 630.9 320.6 0.9319 0
33EN381-20190615-183500.jpg 526.9 292.0 631.0 320.6 0.9293 0
33EN381-20190615-183503.jpg 526.5 292.1 631.0 320.7 0.9340 0
33EN381-20190615-183506.jpg 526.8 292.3 631.0 320.5 0.9301 0
33EN381-20190615-183515.jpg 526.8 292.2 630.9 320.6 0.9311 0
33EN381-20190615-183517.jpg 526.8 292.2 631.0 320.5 0.9309 0
33EN381-20190615-183522.jpg 526.6 292.3 630.9 320.8 0.9312 0
33EN381-20190615-183523.jpg 526.5 292.3 630.9 320.9 0.9311 0
33EN381-20190615-183525.jpg 526.6 292.3 630.9 320.7 0.9346 0
33EN381-20190615-183526.jpg 526.6 292.2 630.9 320.7 0.9350 0
33EN381-20190615-183527.jpg 526.7 292.2 630.9 320.6 0.9327 0
33EN381-20190615-183531.jpg 526.7 292.1 631.0 320.7 0.9335 0
33EN381-20190615-183532.jpg 526.6 292.2 630.9 320.7 0.9330 0
33EN381-20190615-183533.jpg 526.6 292.2 630.9 320.7 0.9333 0
33EN381-20190615-183534.jpg 526.6 292.2 630.9 320.7 0.9333 0
33EN381-20190615-183535.jpg 526.6 292.2 630.8 320.6 0.9308 0
33EN381-20190615-183536.jpg 526.5 292.1 630.9 320.6 0.9326 0
33EN381-20190615-183539.jpg 526.9 291.3 631.2 319.4 0.9288 0
33FS635-20190615-143306.jpg 405.5 269.5 500.4 294.6 0.9388 0
33GJ730-20190615-104539.jpg 347.5 292.2 438.1 316.2 0.9522 0
33GJ730-20190615-104829.jpg 348.3 292.5 438.0 315.8 0.9222 0
33GJ730-20190615-105002.jpg 346.2 292.1 438.9 316.8 0.9557 0
33GJ7308-20190615-104510.jpg 347.5 294.1 437.5 315.9 0.9530 0
33GJ7308-20190615-104859.jpg 348.1 293.0 438.3 315.5 0.9275 0
33GJ7308-20190615-104900.jpg 348.1 293.4 438.2 315.6 0.9365 0
33H2640-20190615-193301.jpg 353.0 287.9 447.9 311.5 0.9507 0
33HNB84-20190615-173512.jpg 359.1 303.7 458.5 328.7 0.9358 0
33HZ640-20190615-193308.jpg 409.5 300.5 514.9 326.4 0.9403 0
33IIM88-20190615-173444.jpg 330.4 288.7 422.2 311.6 0.9226 0
33JL3335-20190615-200617.jpg 874.9 214.3 954.8 236.0 0.9111 0
33LE0350-20190615-173112.jpg 288.6 300.4 390.1 333.9 0.9647 0
33LE0350-20190615-173113.jpg 288.3 300.3 390.1 333.9 0.9647 0
33LE0350-20190615-173131.jpg 288.5 300.5 390.3 333.9 0.9644 0
33LE0350-20190615-173133.jpg 288.6 300.4 390.1 333.8 0.9640 0
33LE0350-20190615-173140.jpg 288.6 300.5 390.0 333.8 0.9646 0
33LE0350-20190615-173146.jpg 288.7 300.4 390.1 333.8 0.9650 0
33LE0350-20190615-173148.jpg 288.8 300.5 390.0 333.9 0.9660 0
33LE0350-20190615-173150.jpg 288.4 300.5 390.2 334.0 0.9637 0
33LE0350-20190615-173152.jpg 288.8 300.4 390.0 333.8 0.9649 0
33LE0350-20190615-173210.jpg 288.6 300.6 390.2 333.9 0.9627 0
33LE0350-20190615-173221.jpg 323.5 301.0 426.1 334.3 0.9679 0
33LEO350-20190615-173111.jpg 288.3 300.5 390.1 333.9 0.9671 0
33LP607-20190615-192733.jpg 257.9 302.4 351.9 335.6 0.9544 0
33LP6074-20190615-192715.jpg 257.2 303.6 349.8 336.7 0.9563 0
33LPG074-20190615-192740.jpg 257.5 302.3 351.7 335.7 0.9515 0
33P63809-20190615-100213.jpg 407.6 287.2 494.9 309.9 0.9241 0
33PF357-20190615-120542.jpg 455.6 294.0 549.1 318.4 0.9317 0
33PF3571-20190615-120514.jpg 426.7 292.2 517.1 315.4 0.9323 0
33PF3571-20190615-120520.jpg 426.3 292.1 516.8 315.2 0.9328 0
33PF3571-20190615-120524.jpg 426.4 291.9 516.9 315.1 0.9329 0
33PF3571-20190615-120540.jpg 426.1 292.0 516.7 315.2 0.9320 0
33PF3671-20190615-120512.jpg 426.1 292.6 516.8 315.6 0.9342 0
33PF3671-20190615-120513.jpg 426.2 292.4 516.7 315.5 0.9338 0
33PF3671-20190615-120514.jpg 426.7 292.2 517.1 315.4 0.9320 0
33PF3671-20190615-120530.jpg 426.2 292.0 516.9 315.2 0.9318 0
33PJ503-20190615-074658.jpg 900.4 224.0 969.3 246.8 0.9122 0
33PJ503-20190615-074658.jpg 297.0 235.6 335.4 250.7 0.6455 0
33PJ503-20190615-132012.jpg 477.2 290.6 570.9 316.5 0.9093 0
33PJ503-20190615-141813.jpg 886.5 223.7 961.4 247.4 0.8844 0
33PJ503-20190615-180941.jpg 520.0 280.9 603.6 304.1 0.6977 0
33PV8065-20190615-180136.jpg 618.8 303.8 720.5 332.6 0.9345 0
33R0495-20190615-133147.jpg 286.9 316.1 377.9 339.9 0.9430 0
33R6495-20190615-133159.jpg 286.7 316.1 377.7 339.9 0.9500 0
33R6495-20190615-133201.jpg 286.7 315.9 378.0 340.0 0.9354 0
33RG495-20190615-133143.jpg 286.6 316.2 377.9 339.9 0.9530 0
33RG495-20190615-133147.jpg 286.8 316.0 377.9 339.9 0.9429 0
33RU9097-20190615-144401.jpg 301.3 286.8 395.3 313.2 0.9293 0
33TDJ62-20190615-145158.jpg 408.1 300.5 508.7 325.4 0.9047 0
33TFY45-20190615-113420.jpg 477.5 291.9 576.6 316.4 0.9185 0
33TGA52-20190615-104016.jpg 479.3 297.3 584.9 323.5 0.9400 0
33TGA52-20190615-104018.jpg 502.3 307.7 615.6 335.7 0.9309 0
33TGA52-20190615-172211.jpg 420.7 292.6 520.3 315.7 0.9285 0
33TU6552-20190615-164923.jpg 324.8 297.8 435.1 326.2 0.9365 0
33TU6652-20190615-164924.jpg 324.8 297.8 435.1 326.2 0.9359 0
33TUG662-20190615-164916.jpg 328.1 298.1 438.5 326.5 0.9297 0
33UC179-20190615-093416.jpg 435.9 297.6 531.1 321.8 0.9648 0
33UH260-20190615-113927.jpg 966.0 297.5 1057.7 324.4 0.9099 0
33UH260-20190615-113927.jpg 351.4 289.0 443.8 312.9 0.8932 0
33UH260-20190615-154507.jpg 358.3 285.2 449.8 308.9 0.9294 0
33UH260-20190615-193301.jpg 353.7 290.5 449.9 314.1 0.9516 0
33UT2759-20190615-141633.jpg 367.1 301.0 461.3 327.4 0.9164 0
33UZ135-20190615-143830.jpg 583.8 323.5 696.8 352.5 0.9435 0
33Y3377-20190615-194121.jpg 471.5 277.6 556.2 300.5 0.9336 0
33Y3377-20190615-194122.jpg 644.4 310.3 749.4 339.3 0.9376 0
33YM3377-20190615-194123.jpg 708.5 324.0 823.4 355.9 0.9350 0
33YT550-20190615-185743.jpg 831.8 296.6 922.3 319.8 0.8869 0
34AAF885-20190615-140411.jpg 566.7 360.0 673.7 385.3 0.9474 0
34AAF885-20190615-212647.jpg 458.4 369.7 586.4 401.1 0.9395 0
34AAT010-20190615-084844.jpg 753.4 351.4 877.1 384.3 0.9390 0
34AB916-20190615-215824.jpg 523.0 304.8 638.0 333.7 0.9452 0
34ABC715-20190615-004838.jpg 556.7 303.9 660.8 332.0 0.9432 0
34ABC716-20190615-004838.jpg 593.9 324.2 711.1 353.4 0.9538 0
34ABC716-20190615-004840.jpg 769.8 401.6 939.1 442.5 0.9271 0
34ABK915-20190615-215825.jpg 593.0 337.8 733.6 373.9 0.9318 0
34ABK916-20190615-215825.jpg 680.0 372.7 842.0 418.6 0.9414 0
34AC715-20190615-004839.jpg 685.7 370.1 834.0 405.8 0.9452 0
34AD487-20190615-124226.jpg 846.1 427.0 1022.5 471.0 0.9337 0
34AER463-20190615-085939.jpg 632.6 359.3 748.6 388.9 0.9515 0
34AER63-20190615-085938.jpg 544.1 329.5 638.7 353.7 0.9278 0
34AEY17-20190615-204426.jpg 916.5 406.3 1083.0 450.1 0.9298 0
34AFE406-20190615-225923.jpg 667.7 365.7 812.7 404.0 0.9508 0
34AG3380-20190615-105845.jpg 621.6 312.6 730.6 341.7 0.9352 0
34AHG673-20190615-185812.jpg 864.8 302.4 973.0 328.4 0.5334 0
34AHG673-20190615-185813.jpg 864.6 368.7 1016.7 403.6 0.8552 0
34AIE15-20190615-224954.jpg 556.1 292.3 652.2 316.1 0.9484 0
34AIE435-20190615-163147.jpg 547.6 288.4 636.1 313.0 0.9058 0
34AIE435-20190615-224954.jpg 632.2 317.4 746.1 346.0 0.9531 0
34AIE45-20190615-224954.jpg 575.8 300.8 679.1 326.7 0.9527 0
34AJ048-20190615-124225.jpg 629.8 326.1 748.9 356.1 0.9486 0
34AJ0481-20190615-124225.jpg 615.4 316.8 730.8 346.3 0.9329 0
34AJ377-20190615-003810.jpg 729.7 366.7 870.2 400.4 0.9292 0
34AJ377-20190615-162332.jpg 576.0 289.1 663.6 311.9 0.9156 0
34AJD48-20190615-124226.jpg 759.1 394.9 913.1 434.2 0.9401 0
34AJD481-20190615-124225.jpg 655.2 342.9 779.7 374.9 0.9404 0
34AJD81-20190615-124224.jpg 531.9 301.8 632.1 328.2 0.9242 0
34AJH377-20190615-162332.jpg 560.1 286.0 647.2 308.7 0.9102 0
34AJH377-20190615-162334.jpg 650.0 298.4 742.1 322.1 0.8868 0
34AJH377-20190615-162336.jpg 675.6 301.8 770.0 325.5 0.9296 0
34AJH377-20190615-162338.jpg 675.7 301.7 769.8 325.5 0.9292 0
34AJH377-20190615-162339.jpg 675.7 301.7 770.0 325.5 0.9302 0
34AJH377-20190615-162340.jpg 675.7 301.9 769.8 325.6 0.9281 0
34AJH377-20190615-162341.jpg 675.9 302.0 769.6 325.7 0.9089 0
34AJH377-20190615-162342.jpg 675.6 301.6 769.6 325.4 0.9207 0
34AJH377-20190615-162344.jpg 675.8 302.0 769.7 325.7 0.9289 0
34AJH377-20190615-162346.jpg 675.7 302.0 769.9 325.7 0.9279 0
34AJH377-20190615-162349.jpg 675.5 301.9 769.6 325.7 0.9301 0
34AJH377-20190615-162350.jpg 676.6 300.4 770.9 324.9 0.9375 0
34AJM377-20190615-162331.jpg 534.3 281.1 617.6 303.0 0.9116 0
34AJN377-20190615-162332.jpg 583.6 291.1 672.0 313.3 0.9098 0
34AJN377-20190615-162334.jpg 667.8 301.5 761.3 325.3 0.9251 0
34AJN377-20190615-162336.jpg 675.7 301.8 770.0 325.6 0.9267 0
34AJN377-20190615-162338.jpg 675.7 301.7 769.9 325.5 0.9295 0
34AJN377-20190615-162339.jpg 675.7 302.0 769.8 325.6 0.9276 0
34AJN377-20190615-162341.jpg 675.8 302.0 769.9 325.6 0.9265 0
34AJN377-20190615-162342.jpg 675.6 301.7 769.6 325.4 0.9116 0
34AJN377-20190615-162343.jpg 675.7 301.9 769.7 325.6 0.9171 0
34AJN377-20190615-162345.jpg 675.7 301.9 769.8 325.8 0.9298 0
34AJN377-20190615-162346.jpg 675.7 302.0 769.9 325.7 0.9275 0
34AJN377-20190615-162347.jpg 675.5 301.9 769.6 325.7 0.9286 0
34AJN377-20190615-162349.jpg 675.7 301.9 769.7 325.6 0.9332 0
34AJN377-20190615-162350.jpg 680.1 300.0 775.3 324.8 0.9354 0
34AN2603-20190615-215106.jpg 714.0 402.2 880.7 448.8 0.9262 0
34AP9055-20190615-130658.jpg 547.4 296.4 654.9 322.9 0.9465 0
34AP9055-20190615-162403.jpg 436.0 281.1 531.7 304.6 0.9539 0
34AP9055-20190615-162606.jpg 904.5 211.9 982.2 234.7 0.9136 0
34AP9055-20190615-175212.jpg 589.9 309.1 702.5 335.5 0.9373 0
34AP9055-20190615-193331.jpg 690.6 320.2 817.1 350.0 0.9551 0
34AP9055-20190615-205551.jpg 788.6 313.2 911.6 345.9 0.9278 0
34AR3484-20190615-105324.jpg 528.3 321.6 655.3 355.3 0.9341 0
34AR632-20190615-062700.jpg 493.5 270.5 590.2 300.0 0.9537 0
34ARG32-20190615-062645.jpg 493.3 270.3 590.3 300.1 0.9548 0
34ARG32-20190615-062646.jpg 493.2 270.3 590.3 300.1 0.9552 0
34ARG32-20190615-062655.jpg 492.9 270.4 590.3 300.2 0.9560 0
34B00398-20190615-111430.jpg 222.2 296.3 309.7 321.1 0.9495 0
34B00398-20190615-111433.jpg 222.8 296.1 309.9 320.9 0.9476 0
34B00398-20190615-111434.jpg 222.4 296.2 309.8 321.0 0.9467 0
34B00398-20190615-111435.jpg 1086.8 255.7 1168.5 281.3 0.8774 0
34B00398-20190615-111435.jpg 222.3 296.1 309.8 321.0 0.5967 0
34B00398-20190615-111437.jpg 221.6 296.0 309.5 321.0 0.8883 0
34B00398-20190615-111439.jpg 878.5 218.8 961.2 245.8 0.9204 0
34B00398-20190615-111439.jpg 221.6 296.1 309.5 321.1 0.5548 0
34B00398-20190615-111442.jpg 221.5 296.1 309.7 321.1 0.9467 0
34B00398-20190615-111443.jpg 221.5 296.1 309.7 321.1 0.9473 0
34B00398-20190615-111448.jpg 221.9 296.2 309.6 321.1 0.9485 0
34B00398-20190615-111500.jpg 221.3 296.3 309.7 321.2 0.9472 0
34B00398-20190615-111508.jpg 221.7 296.3 309.6 321.1 0.9511 0
34B00398-20190615-111510.jpg 221.6 296.2 309.7 321.2 0.9507 0
34B00398-20190615-111516.jpg 221.8 296.2 309.8 321.1 0.9491 0
34B00398-20190615-111523.jpg 221.9 296.3 309.6 321.1 0.9476 0
34B00398-20190615-111524.jpg 221.9 296.3 309.5 321.0 0.9473 0
34B00398-20190615-111526.jpg 221.7 296.4 309.6 321.3 0.9511 0
34B00398-20190615-111528.jpg 221.7 296.3 309.7 321.3 0.9519 0
34B00398-20190615-111531.jpg 222.0 296.3 309.6 321.1 0.9493 0
34B00398-20190615-111532.jpg 222.1 296.2 309.7 321.0 0.9492 0
34B00398-20190615-111534.jpg 222.5 296.4 309.8 321.2 0.9517 0
34B00398-20190615-111540.jpg 221.9 296.4 309.8 321.1 0.9490 0
34B00398-20190615-111547.jpg 222.0 296.3 309.8 321.2 0.9499 0
34B00398-20190615-111548.jpg 222.1 296.4 309.8 321.2 0.9493 0
34B00398-20190615-111549.jpg 221.8 296.4 309.8 321.2 0.9495 0
34B00398-20190615-111550.jpg 221.9 296.4 309.8 321.3 0.9500 0
34B00398-20190615-111554.jpg 222.2 296.3 309.8 321.1 0.9492 0
34B00398-20190615-111558.jpg 222.4 296.5 309.6 321.2 0.9509 0
34B00398-20190615-111600.jpg 222.3 296.5 309.6 321.1 0.9512 0
34B00398-20190615-111602.jpg 221.8 296.6 309.6 321.3 0.9511 0
34B0398-20190615-111431.jpg 221.8 296.2 309.7 321.1 0.9498 0
34B0398-20190615-111448.jpg 222.2 296.2 309.9 321.1 0.9499 0
34B0398-20190615-111602.jpg 221.6 296.3 309.1 321.2 0.9505 0
34B06398-20190615-111432.jpg 221.9 296.2 309.7 321.1 0.9480 0
34B06398-20190615-111437.jpg 221.6 296.0 309.6 321.0 0.9131 0
34B06398-20190615-111447.jpg 222.2 296.2 309.9 321.1 0.9498 0
34B06398-20190615-111602.jpg 222.2 295.8 310.2 320.6 0.9493 0
34B2704-20190615-204330.jpg 794.1 355.9 927.1 387.5 0.9434 0
34B6393-20190615-092159.jpg 502.1 312.2 593.6 337.3 0.9533 0
34B6393-20190615-153606.jpg 502.0 321.1 612.7 347.9 0.9381 0
34BAC067-20190615-150749.jpg 276.5 308.9 373.6 336.1 0.8935 0
34BAC067-20190615-150750.jpg 305.3 312.2 408.9 340.6 0.9160 0
34BAC067-20190615-150754.jpg 303.8 311.8 405.4 339.9 0.9138 0
34BAC067-20190615-150756.jpg 303.6 311.7 405.5 339.9 0.9131 0
34BAC067-20190615-150759.jpg 303.1 311.9 404.6 339.6 0.9024 0
34BAC067-20190615-150801.jpg 453.4 331.9 573.4 360.9 0.8835 0
34BAC067-20190615-150802.jpg 629.8 398.8 785.3 436.6 0.9123 0
34BAC067-20190615-151921.jpg 868.6 214.8 945.6 236.4 0.9224 0
34BBV25-20190615-125411.jpg 585.9 301.5 685.9 330.5 0.9111 0
34BBV25-20190615-125412.jpg 661.3 326.0 776.2 356.6 0.9348 0
34BC716-20190615-004839.jpg 639.3 351.6 772.6 384.6 0.9509 0
34BCC910-20190615-114851.jpg 618.5 353.8 725.4 380.5 0.9529 0
34BD0398-20190615-111527.jpg 221.7 296.3 309.7 321.3 0.9514 0
34BD0398-20190615-111551.jpg 222.3 296.3 310.0 321.2 0.9503 0
34BD7977-20190615-151018.jpg 834.4 323.6 950.8 351.9 0.9421 0
34BDG398-20190615-111420.jpg 220.8 296.9 310.4 322.2 0.9518 0
34BDG398-20190615-111421.jpg 221.9 296.2 309.9 321.1 0.9508 0
34BDG398-20190615-111422.jpg 222.2 296.2 309.8 321.0 0.9499 0
34BDG398-20190615-111423.jpg 222.0 296.2 309.7 321.1 0.9498 0
34BDG398-20190615-111424.jpg 222.0 296.2 309.8 321.1 0.9498 0
34BDG398-20190615-111425.jpg 221.3 296.1 309.7 321.1 0.9497 0
34BDG398-20190615-111426.jpg 221.9 296.2 309.7 321.0 0.9475 0
34BDG398-20190615-111429.jpg 222.4 296.3 309.7 321.1 0.9491 0
34BDG398-20190615-111431.jpg 221.8 296.2 309.7 321.1 0.9497 0
34BDG398-20190615-111434.jpg 222.4 296.1 309.7 320.9 0.9338 0
34BDG398-20190615-111438.jpg 1132.0 229.2 1232.4 264.6 0.8516 0
34BDG398-20190615-111441.jpg 221.5 296.0 309.5 320.9 0.9192 0
34BDG398-20190615-111445.jpg 222.2 296.2 309.9 321.1 0.9481 0
34BDG398-20190615-111446.jpg 222.2 296.2 309.9 321.1 0.9497 0
34BDG398-20190615-111448.jpg 221.6 296.2 309.6 321.1 0.9491 0
34BDG398-20190615-111449.jpg 221.7 296.2 309.5 321.0 0.9491 0
34BDG398-20190615-111450.jpg 221.5 296.2 309.6 321.0 0.9494 0
34BDG398-20190615-111452.jpg 221.8 296.3 309.5 321.2 0.9502 0
34BDG398-20190615-111454.jpg 222.6 296.2 309.8 321.0 0.9477 0
34BDG398-20190615-111458.jpg 221.4 296.3 309.5 321.2 0.9495 0
34BDG398-20190615-111459.jpg 221.4 296.2 309.7 321.2 0.9484 0
34BDG398-20190615-111501.jpg 222.6 296.1 309.8 321.0 0.9474 0
34BDG398-20190615-111502.jpg 222.6 296.1 309.7 321.1 0.9477 0
34BDG398-20190615-111504.jpg 221.2 296.1 309.7 321.2 0.9504 0
34BDG398-20190615-111510.jpg 221.6 296.3 309.7 321.2 0.9504 0
34BDG398-20190615-111512.jpg 221.6 296.3 309.8 321.3 0.9492 0
34BDG398-20190615-111514.jpg 221.7 296.1 309.9 321.0 0.9492 0
34BDG398-20190615-111517.jpg 221.9 296.2 309.7 321.1 0.9505 0
34BDG398-20190615-111518.jpg 221.9 296.2 309.7 321.2 0.9491 0
34BDG398-20190615-111519.jpg 222.0 296.4 309.9 321.1 0.9499 0
34BDG398-20190615-111520.jpg 222.1 296.3 309.8 321.1 0.9478 0
34BDG398-20190615-111522.jpg 222.4 296.3 309.7 321.1 0.9473 0
34BDG398-20190615-111524.jpg 221.9 296.3 309.6 321.1 0.9476 0
34BDG398-20190615-111525.jpg 222.0 296.3 309.6 321.0 0.9475 0
34BDG398-20190615-111528.jpg 221.9 296.2 309.7 321.0 0.9500 0
34BDG398-20190615-111530.jpg 221.9 296.2 309.7 321.0 0.9492 0
34BDG398-20190615-111531.jpg 222.0 296.2 309.7 321.0 0.9493 0
34BDG398-20190615-111533.jpg 221.4 296.1 309.8 321.0 0.9495 0
34BDG398-20190615-111534.jpg 222.6 296.4 309.8 321.2 0.9517 0
34BDG398-20190615-111536.jpg 221.9 296.1 309.8 321.1 0.9495 0
34BDG398-20190615-111540.jpg 221.9 296.3 309.8 321.1 0.9491 0
34BDG398-20190615-111543.jpg 222.5 296.3 309.7 321.1 0.9503 0
34BDG398-20190615-111544.jpg 221.8 296.3 309.7 321.1 0.9505 0
34BDG398-20190615-111548.jpg 222.1 296.3 309.9 321.2 0.9500 0
34BDG398-20190615-111549.jpg 221.8 296.4 309.8 321.2 0.9497 0
34BDG398-20190615-111551.jpg 222.8 296.3 309.9 321.1 0.9496 0
34BDG398-20190615-111552.jpg 222.3 296.3 310.0 321.2 0.9502 0
34BDG398-20190615-111554.jpg 222.4 296.3 309.8 321.1 0.9490 0
34BDG398-20190615-111556.jpg 223.1 296.4 309.6 321.1 0.9471 0
34BDG398-20190615-111559.jpg 222.3 296.5 309.7 321.2 0.9515 0
34BDG398-20190615-111602.jpg 221.8 296.5 309.5 321.3 0.9508 0
34BDG398-20190615-111603.jpg 235.8 301.4 328.3 326.6 0.9448 0
34BDG398-20190615-111604.jpg 314.9 309.5 416.5 336.6 0.9458 0
34BDT873-20190615-132835.jpg 487.4 269.7 576.0 294.7 0.9370 0
34BDT873-20190615-132836.jpg 535.3 282.5 638.9 310.5 0.9429 0
34BDT873-20190615-161146.jpg 552.0 280.2 653.0 307.7 0.9245 0
34BDT873-20190615-173604.jpg 412.8 326.3 505.0 350.4 0.8877 0
34BE209-20190615-235007.jpg 590.3 303.9 713.9 333.8 0.9527 0
34BE633-20190615-151109.jpg 236.6 298.5 325.8 320.2 0.9285 0
34BE633-20190615-151115.jpg 336.6 325.7 448.1 352.7 0.9134 0
34BE6338-20190615-151056.jpg 236.0 297.8 326.1 319.6 0.9334 0
34BE6338-20190615-151059.jpg 235.7 298.1 325.8 319.8 0.9342 0
34BE6338-20190615-151100.jpg 235.9 298.1 325.8 319.8 0.9348 0
34BE6338-20190615-151101.jpg 235.9 298.1 325.8 319.8 0.9337 0
34BE6338-20190615-151102.jpg 235.9 298.0 325.8 319.9 0.9332 0
34BE6338-20190615-151109.jpg 236.8 298.6 325.7 320.1 0.9297 0
34BE6338-20190615-151110.jpg 236.6 298.5 325.8 320.2 0.9283 0
34BE6338-20190615-151113.jpg 236.2 298.4 325.5 320.0 0.9290 0
34BE6338-20190615-151115.jpg 318.1 321.7 425.7 347.3 0.9297 0
34BE6338-20190615-151116.jpg 388.1 336.2 508.6 365.7 0.9355 0
34BE6338-20190615-151740.jpg 909.2 234.8 994.2 257.4 0.9016 0
34BE832-20190615-140809.jpg 458.2 295.8 553.6 320.5 0.9020 0
34BE832-20190615-160211.jpg 395.8 289.5 481.2 311.2 0.9107 0
34BEB32-20190615-140755.jpg 433.8 293.5 526.1 317.9 0.9416 0
34BEB32-20190615-140757.jpg 434.0 292.3 525.7 316.8 0.9401 0
34BEB32-20190615-140758.jpg 434.0 292.3 525.7 316.9 0.9398 0
34BEB32-20190615-140800.jpg 434.1 292.4 525.5 316.7 0.9391 0
34BEB32-20190615-140803.jpg 434.1 292.3 525.9 316.8 0.9415 0
34BEB32-20190615-140810.jpg 498.5 306.1 598.9 330.9 0.9126 0
34BEB32-20190615-160210.jpg 387.4 286.1 470.4 307.7 0.9287 0
34BET34-20190615-182317.jpg 701.3 369.0 853.3 406.5 0.9466 0
34BET43-20190615-225635.jpg 601.4 340.2 737.9 373.8 0.9473 0
34BET434-20190615-182317.jpg 794.6 398.4 971.0 441.8 0.9149 0
34BET434-20190615-225635.jpg 613.4 344.3 752.7 379.5 0.9414 0
34BEU982-20190615-004515.jpg 562.9 309.9 683.3 339.5 0.9462 0
34BEU982-20190615-124317.jpg 560.2 289.9 660.7 317.9 0.9473 0
34BEU982-20190615-141725.jpg 575.1 306.5 679.1 334.4 0.9482 0
34BEU982-20190615-162647.jpg 474.2 276.8 561.2 300.9 0.8989 0
34BEU982-20190615-172123.jpg 488.3 272.2 574.3 297.5 0.9207 0
34BEU982-20190615-193055.jpg 614.2 300.9 717.8 330.4 0.9202 0
34BEV899-20190615-120256.jpg 546.9 323.7 661.1 351.5 0.9279 0
34BFJ84-20190615-102522.jpg 534.4 285.3 625.1 308.7 0.9011 0
34BFJ840-20190615-102522.jpg 539.0 291.2 635.5 315.5 0.9009 0
34BFJ840-20190615-202951.jpg 672.7 285.4 751.4 310.4 0.9058 0
34BFJ840-20190615-202952.jpg 737.3 298.9 831.8 326.4 0.8963 0
34BFO89-20190615-181255.jpg 600.1 300.0 701.1 327.2 0.9287 0
34BFO89-20190615-181256.jpg 819.7 366.8 962.0 403.7 0.9478 0
34BG829-20190615-162803.jpg 531.5 303.2 617.0 324.2 0.9209 0
34BGM395-20190615-232241.jpg 637.0 325.4 752.8 355.3 0.9418 0
34BGM396-20190615-232243.jpg 897.6 419.0 1071.4 468.1 0.9368 0
34BH213-20190615-121110.jpg 767.4 290.8 862.1 317.4 0.8948 0
34BH258-20190615-135553.jpg 458.1 303.2 553.5 328.3 0.9140 0
34BH294-20190615-092913.jpg 567.5 307.9 665.0 332.8 0.9061 0
34BH308-20190615-134437.jpg 477.8 264.8 568.0 291.4 0.9056 0
34BHE84-20190615-202422.jpg 340.7 308.3 432.2 330.1 0.9627 0
34BHE845-20190615-202328.jpg 340.7 308.2 432.3 330.0 0.9641 0
34BHE845-20190615-202330.jpg 340.6 308.3 432.3 330.0 0.9631 0
34BHE845-20190615-202332.jpg 340.7 308.3 432.2 330.0 0.9620 0
34BHE845-20190615-202340.jpg 340.7 308.3 432.2 330.0 0.9667 0
34BHE845-20190615-202347.jpg 340.7 308.3 432.4 330.0 0.9625 0
34BHE845-20190615-202350.jpg 340.8 308.3 432.2 330.1 0.9633 0
34BHE845-20190615-202353.jpg 340.6 308.3 432.2 330.0 0.9649 0
34BHE845-20190615-202359.jpg 340.8 308.3 432.2 329.9 0.9629 0
34BHE845-20190615-202400.jpg 340.7 308.3 432.2 330.0 0.9640 0
34BHE845-20190615-202402.jpg 340.9 308.3 432.2 329.9 0.9604 0
34BHE845-20190615-202403.jpg 340.9 308.3 432.1 329.9 0.9603 0
34BHE845-20190615-202405.jpg 340.7 308.3 432.3 330.1 0.9640 0
34BHE845-20190615-202407.jpg 340.6 308.3 432.4 330.0 0.9657 0
34BHE845-20190615-202410.jpg 340.5 308.2 432.3 330.0 0.9660 0
34BHE845-20190615-202414.jpg 340.6 308.3 432.2 330.0 0.9656 0
34BHE845-20190615-202417.jpg 340.9 308.4 432.2 330.0 0.9631 0
34BHE845-20190615-202420.jpg 340.9 308.4 432.1 330.0 0.9623 0
34BHE845-20190615-202423.jpg 341.7 308.1 435.2 329.9 0.9545 0
34BHE845-20190615-202425.jpg 435.3 316.5 537.3 341.0 0.9212 0
34BHE846-20190615-202327.jpg 340.6 308.3 432.3 330.1 0.9663 0
34BHE846-20190615-202329.jpg 340.7 308.2 432.3 330.0 0.9634 0
34BHE846-20190615-202333.jpg 340.6 308.2 432.5 330.0 0.9639 0
34BHE846-20190615-202335.jpg 340.7 308.3 432.3 330.0 0.9620 0
34BHE846-20190615-202342.jpg 340.7 308.3 432.1 330.0 0.9653 0
34BHE846-20190615-202345.jpg 340.8 308.3 432.2 330.0 0.9655 0
34BHE846-20190615-202346.jpg 340.7 308.4 432.3 330.0 0.9631 0
34BHE846-20190615-202349.jpg 340.7 308.2 432.3 330.0 0.9624 0
34BHE846-20190615-202354.jpg 340.7 308.3 432.2 330.0 0.9648 0
34BHE846-20190615-202403.jpg 340.9 308.3 432.1 329.9 0.9600 0
34BHE846-20190615-202405.jpg 340.7 308.3 432.2 330.1 0.9654 0
34BHE846-20190615-202408.jpg 340.6 308.4 432.2 330.0 0.9675 0
34BHE846-20190615-202411.jpg 340.6 308.2 432.3 330.0 0.9647 0
34BHE846-20190615-202413.jpg 340.5 308.3 432.2 330.1 0.9610 0
34BHE846-20190615-202416.jpg 341.0 308.3 432.2 330.0 0.9576 0
34BHE846-20190615-202419.jpg 340.9 308.4 432.3 330.1 0.9594 0
34BHE846-20190615-202426.jpg 507.7 322.4 618.2 350.3 0.9550 0
34BHE85-20190615-202328.jpg 340.8 308.2 432.3 330.0 0.9637 0
34BHE85-20190615-202331.jpg 340.6 308.3 432.2 330.0 0.9629 0
34BHE85-20190615-202345.jpg 340.8 308.4 432.3 330.1 0.9634 0
34BHE85-20190615-202348.jpg 340.7 308.2 432.2 330.0 0.9635 0
34BHE85-20190615-202357.jpg 340.5 308.2 432.2 330.0 0.9662 0
34BHE85-20190615-202400.jpg 340.8 308.3 432.2 330.0 0.9624 0
34BHE85-20190615-202412.jpg 340.5 308.3 432.2 330.0 0.9670 0
34BHE85-20190615-202422.jpg 340.9 308.4 432.2 329.9 0.9623 0
34BHE85-20190615-202425.jpg 382.8 311.9 481.6 335.0 0.9481 0
34BHE86-20190615-202354.jpg 340.7 308.3 432.2 330.0 0.9630 0
34BHE86-20190615-202355.jpg 340.8 308.4 432.1 330.1 0.9675 0
34BHE86-20190615-202407.jpg 340.6 308.3 432.3 330.1 0.9658 0
34BHF245-20190615-151951.jpg 467.6 278.2 568.3 305.3 0.9236 0
34BHM213-20190615-121110.jpg 847.7 304.6 952.7 334.2 0.8017 0
34BHM213-20190615-203012.jpg 750.4 306.2 868.3 344.7 0.9449 0
34BHR586-20190615-001244.jpg 612.4 335.4 739.7 369.3 0.9428 0
34BHV34-20190615-193628.jpg 499.0 323.5 607.9 350.5 0.9339 0
34BHZ13-20190615-203012.jpg 724.8 294.8 828.0 328.1 0.9530 0
34BIH30-20190615-001817.jpg 896.0 399.2 1074.5 452.9 0.9224 0
34BIH30-20190615-222559.jpg 633.2 322.5 772.8 359.9 0.9327 0
34BIH308-20190615-001816.jpg 566.5 339.5 711.6 380.4 0.9267 0
34BIH308-20190615-134438.jpg 559.6 300.6 674.5 331.7 0.9107 0
34BIH308-20190615-173411.jpg 371.0 274.7 465.8 301.4 0.8811 0
34BIH308-20190615-222558.jpg 547.0 303.5 666.3 333.1 0.9413 0
34BIH308-20190615-222559.jpg 652.8 330.2 796.4 369.9 0.9329 0
34BJJ074-20190615-123832.jpg 446.5 283.5 536.6 310.6 0.9166 0
34BJJ074-20190615-123833.jpg 502.6 297.3 601.3 325.9 0.9237 0
34BJJ074-20190615-194106.jpg 475.0 288.2 571.5 317.1 0.9127 0
34BJU174-20190615-171838.jpg 537.7 274.8 632.8 300.8 0.9169 0
34BJU174-20190615-231948.jpg 838.1 363.1 1006.6 409.1 0.9306 0
34BK915-20190615-215824.jpg 553.5 313.7 680.7 346.4 0.9357 0
34BKG621-20190615-151848.jpg 520.2 320.3 628.5 347.8 0.9439 0
34BKS61-20190615-125847.jpg 910.5 454.7 1106.5 506.0 0.6647 0
34BKS619-20190615-125846.jpg 607.3 323.6 724.3 353.4 0.9495 0
34BKY01-20190615-154356.jpg 899.9 220.5 967.7 240.6 0.9035 0
34BMA535-20190615-151646.jpg 745.0 335.2 869.8 366.7 0.9330 0
34BMA536-20190615-151646.jpg 773.1 347.9 905.2 381.7 0.9303 0
34BME209-20190615-235007.jpg 612.3 307.8 749.3 340.0 0.9466 0
34BN258-20190615-135554.jpg 493.7 316.2 594.4 341.6 0.9480 0
34BN268-20190615-135553.jpg 433.3 298.3 523.5 321.8 0.9317 0
34BN875-20190615-152832.jpg 869.9 376.4 1010.9 410.4 0.9078 0
34BN8751-20190615-152831.jpg 654.5 294.3 746.5 318.3 0.9192 0
34BN8751-20190615-152832.jpg 926.0 393.8 1075.8 430.8 0.8444 0
34BNB751-20190615-152831.jpg 714.0 316.9 819.4 343.8 0.9264 0
34BNM258-20190615-135555.jpg 973.5 497.0 1176.6 551.5 0.9450 0
34BNM268-20190615-135554.jpg 580.4 334.9 697.4 364.8 0.9480 0
34BNM268-20190615-135555.jpg 725.7 395.0 876.3 434.5 0.9370 0
34BNM29-20190615-142845.jpg 723.8 360.5 854.6 394.6 0.9408 0
34BNM294-20190615-092914.jpg 689.1 337.3 806.7 368.1 0.9515 0
34BNM294-20190615-142845.jpg 785.6 388.3 929.8 426.3 0.9043 0
34BNM294-20190615-185019.jpg 945.7 336.3 1061.8 366.7 0.7719 0
34BNT978-20190615-141428.jpg 861.7 406.0 1014.4 445.2 0.9322 0
34BOG398-20190615-111419.jpg 219.4 300.0 308.7 324.7 0.9419 0
34BOG398-20190615-111420.jpg 220.6 296.1 310.0 321.2 0.9480 0
34BOG398-20190615-111422.jpg 222.1 296.2 309.8 321.0 0.9500 0
34BOG398-20190615-111423.jpg 221.9 296.2 309.7 321.1 0.9504 0
34BOG398-20190615-111424.jpg 222.0 296.2 309.7 321.1 0.9501 0
34BOG398-20190615-111425.jpg 221.3 296.1 309.8 321.1 0.9499 0
34BOG398-20190615-111429.jpg 222.4 296.3 309.7 321.1 0.9492 0
34BOG398-20190615-111430.jpg 222.2 296.3 309.7 321.1 0.9485 0
34BOG398-20190615-111434.jpg 222.4 296.2 309.7 321.0 0.9436 0
34BOG398-20190615-111435.jpg 1034.9 251.2 1115.6 276.6 0.6155 0
34BOG398-20190615-111438.jpg 1050.2 225.3 1151.0 260.0 0.9012 0
34BOG398-20190615-111440.jpg 221.3 296.1 309.5 321.1 0.9178 0
34BOG398-20190615-111441.jpg 221.4 295.9 309.6 321.0 0.9341 0
34BOG398-20190615-111442.jpg 221.5 296.1 309.7 321.1 0.9471 0
34BOG398-20190615-111443.jpg 222.2 296.2 309.9 321.1 0.9477 0
34BOG398-20190615-111445.jpg 222.2 296.2 309.9 321.1 0.9479 0
34BOG398-20190615-111447.jpg 222.2 296.2 309.9 321.1 0.9493 0
34BOG398-20190615-111448.jpg 222.2 296.2 309.9 321.1 0.9493 0
34BOG398-20190615-111449.jpg 221.7 296.2 309.6 321.0 0.9488 0
34BOG398-20190615-111451.jpg 222.0 296.3 309.5 321.2 0.9503 0
34BOG398-20190615-111452.jpg 221.8 296.3 309.6 321.2 0.9505 0
34BOG398-20190615-111457.jpg 221.3 296.2 309.5 321.2 0.9496 0
34BOG398-20190615-111459.jpg 221.4 296.3 309.7 321.2 0.9505 0
34BOG398-20190615-111500.jpg 221.7 296.3 309.7 321.1 0.9489 0
34BOG398-20190615-111502.jpg 222.6 296.1 309.8 321.1 0.9483 0
34BOG398-20190615-111503.jpg 221.9 296.3 309.7 321.2 0.9506 0
34BOG398-20190615-111504.jpg 221.2 296.1 309.7 321.2 0.9504 0
34BOG398-20190615-111506.jpg 222.0 296.3 309.7 321.2 0.9501 0
34BOG398-20190615-111509.jpg 221.6 296.2 309.7 321.2 0.9508 0
34BOG398-20190615-111511.jpg 221.3 296.2 309.8 321.4 0.9493 0
34BOG398-20190615-111513.jpg 221.5 296.2 309.8 321.3 0.9484 0
34BOG398-20190615-111517.jpg 221.9 296.2 309.7 321.2 0.9502 0
34BOG398-20190615-111518.jpg 222.0 296.3 309.8 321.1 0.9490 0
34BOG398-20190615-111520.jpg 222.0 296.3 309.8 321.1 0.9475 0
34BOG398-20190615-111522.jpg 222.4 296.3 309.7 321.1 0.9470 0
34BOG398-20190615-111526.jpg 222.2 296.4 309.6 321.3 0.9500 0
34BOG398-20190615-111529.jpg 221.9 296.1 309.7 321.0 0.9492 0
34BOG398-20190615-111535.jpg 222.6 296.4 309.8 321.2 0.9514 0
34BOG398-20190615-111543.jpg 221.9 296.4 309.7 321.1 0.9513 0
34BOG398-20190615-111544.jpg 222.0 296.3 309.7 321.1 0.9503 0
34BOG398-20190615-111553.jpg 222.3 296.3 309.9 321.2 0.9499 0
34BOG398-20190615-111554.jpg 222.2 296.3 309.8 321.1 0.9493 0
34BOG398-20190615-111555.jpg 222.2 296.4 309.8 321.1 0.9492 0
34BOG398-20190615-111600.jpg 222.3 296.5 309.5 321.1 0.9512 0
34BOG398-20190615-111603.jpg 239.7 301.6 332.2 327.3 0.9413 0
34BOG398-20190615-111604.jpg 280.8 306.5 379.4 332.7 0.9462 0
34BOG398-20190615-111605.jpg 406.9 328.2 521.6 359.1 0.6290 0
34BPR71-20190615-134448.jpg 443.8 276.0 534.9 297.7 0.9554 0
34BPR71-20190615-134451.jpg 443.8 276.1 535.0 297.8 0.9542 0
34BPR71-20190615-134507.jpg 443.7 276.4 535.8 299.7 0.9082 0
34BPR71-20190615-134543.jpg 442.0 275.9 533.8 297.8 0.9503 0
34BPR718-20190615-134443.jpg 427.8 274.5 517.7 296.0 0.9484 0
34BPR718-20190615-134444.jpg 443.5 276.1 534.7 298.0 0.9504 0
34BPR718-20190615-134449.jpg 443.9 276.1 535.0 297.8 0.9526 0
34BPR718-20190615-134452.jpg 443.8 276.0 535.0 297.8 0.9540 0
34BPR718-20190615-134502.jpg 443.9 276.1 535.0 297.8 0.9543 0
34BPR718-20190615-134507.jpg 443.9 276.3 535.8 299.5 0.9135 0
34BPR718-20190615-134512.jpg 444.0 276.1 534.6 297.8 0.9525 0
34BPR718-20190615-134519.jpg 444.0 276.0 535.2 297.8 0.9550 0
34BPR718-20190615-134525.jpg 443.9 276.1 534.5 297.7 0.9531 0
34BPR718-20190615-134541.jpg 443.2 276.2 535.4 300.1 0.6214 0
34BPR718-20190615-134544.jpg 437.3 275.0 529.1 297.1 0.9495 0
34BPR718-20190615-134547.jpg 454.1 277.4 546.6 299.4 0.9422 0
34BPR78-20190615-134518.jpg 443.7 276.0 534.8 297.8 0.9542 0
34BPR78-20190615-134521.jpg 443.6 276.0 535.3 297.9 0.9532 0
34BQG398-20190615-111420.jpg 220.5 296.1 310.1 321.3 0.9484 0
34BQG398-20190615-111439.jpg 821.8 214.3 902.3 240.1 0.8678 0
34BQG398-20190615-111439.jpg 221.3 296.0 309.6 321.1 0.6743 0
34BQG398-20190615-111440.jpg 221.3 296.1 309.5 321.1 0.9005 0
34BQG398-20190615-111441.jpg 221.3 295.9 309.7 321.1 0.9377 0
34BRF048-20190615-202642.jpg 578.9 305.1 683.1 335.8 0.8907 0
34BS324-20190615-091943.jpg 384.2 281.8 481.0 313.8 0.9550 0
34BSB11-20190615-125922.jpg 611.7 356.0 741.8 387.5 0.9246 0
34BSB119-20190615-201052.jpg 633.8 304.2 732.1 327.9 0.9158 0
34BSB119-20190615-201053.jpg 853.1 387.3 996.4 421.4 0.9293 0
34BSD31-20190615-132338.jpg 704.7 384.0 834.6 414.2 0.9527 0
34BSD341-20190615-195424.jpg 722.2 414.0 865.3 446.6 0.9516 0
34BSE098-20190615-134118.jpg 660.7 318.7 758.0 345.9 0.9247 0
34BSE098-20190615-225533.jpg 693.4 353.1 819.2 387.1 0.9315 0
34BSE099-20190615-225533.jpg 682.6 346.4 804.4 380.4 0.9424 0
34BSE464-20190615-153711.jpg 533.8 354.9 642.6 381.0 0.9362 0
34BSE464-20190615-153712.jpg 780.5 449.6 935.5 488.5 0.9402 0
34BSV32-20190615-091921.jpg 384.0 281.8 481.1 313.8 0.9578 0
34BSV32-20190615-091922.jpg 384.0 281.8 481.0 313.8 0.9576 0
34BSV32-20190615-091925.jpg 384.4 281.9 480.8 313.7 0.9556 0
34BSV32-20190615-091928.jpg 384.3 281.9 480.8 313.7 0.9576 0
34BSV32-20190615-091929.jpg 384.2 281.9 480.7 313.7 0.9576 0
34BSV32-20190615-091931.jpg 385.0 281.9 480.8 313.8 0.9502 0
34BSV32-20190615-091932.jpg 385.1 281.9 480.8 313.8 0.9497 0
34BSV32-20190615-091934.jpg 384.1 281.8 481.0 313.9 0.9547 0
34BSV32-20190615-091935.jpg 384.1 281.8 481.0 313.9 0.9548 0
34BSV32-20190615-091937.jpg 384.0 281.8 480.9 313.7 0.9586 0
34BSV32-20190615-091939.jpg 384.6 281.9 480.7 313.8 0.9525 0
34BSV32-20190615-091940.jpg 384.6 281.9 480.8 314.0 0.9254 0
34BSV32-20190615-091941.jpg 975.6 321.1 1080.7 346.6 0.6006 0
34BSV32-20190615-091944.jpg 384.2 281.9 481.0 313.9 0.9543 0
34BSV32-20190615-091945.jpg 384.6 281.8 481.0 313.7 0.9550 0
34BSV32-20190615-091947.jpg 384.6 281.8 481.1 313.8 0.9545 0
34BSV32-20190615-091948.jpg 383.7 281.9 481.0 313.9 0.9635 0
34BSV32-20190615-091949.jpg 383.8 282.0 481.0 313.8 0.9636 0
34BSV32-20190615-091953.jpg 383.7 281.7 480.8 313.7 0.9619 0
34BSV32-20190615-091954.jpg 383.7 281.8 481.0 313.7 0.9611 0
34BSV32-20190615-092000.jpg 384.8 281.8 480.9 313.7 0.9573 0
34BSV32-20190615-092001.jpg 384.8 281.8 480.9 313.8 0.9565 0
34BSV32-20190615-092003.jpg 384.3 281.8 481.1 313.8 0.9594 0
34BSV32-20190615-092004.jpg 384.1 281.8 481.0 313.8 0.9539 0
34BSV32-20190615-092005.jpg 384.2 281.8 481.0 313.8 0.9512 0
34BSV32-20190615-092008.jpg 384.6 281.8 480.9 313.9 0.9552 0
34BSV32-20190615-092009.jpg 384.6 281.8 480.9 313.8 0.9552 0
34BSV32-20190615-092010.jpg 384.6 281.8 480.9 313.8 0.9550 0
34BSV32-20190615-092011.jpg 383.8 282.0 480.9 313.8 0.9612 0
34BSV324-20190615-091920.jpg 383.8 283.6 481.3 315.3 0.9550 0
34BSV324-20190615-091926.jpg 384.2 282.0 481.1 313.9 0.9574 0
34BSV324-20190615-091929.jpg 384.3 281.8 480.8 313.7 0.9569 0
34BSV324-20190615-091931.jpg 385.1 281.9 480.8 313.8 0.9503 0
34BSV324-20190615-091935.jpg 384.0 281.8 481.0 313.9 0.9551 0
34BSV324-20190615-091936.jpg 383.9 281.7 480.9 313.7 0.9601 0
34BSV324-20190615-091937.jpg 384.0 281.8 480.8 313.7 0.9583 0
34BSV324-20190615-091938.jpg 384.1 281.7 480.8 313.7 0.9589 0
34BSV324-20190615-091941.jpg 1088.3 366.7 1224.4 397.8 0.9316 0
34BSV324-20190615-091942.jpg 384.0 281.7 481.0 313.8 0.9581 0
34BSV324-20190615-091943.jpg 384.0 281.7 480.8 313.8 0.9568 0
34BSV324-20190615-091944.jpg 384.3 281.9 480.9 313.8 0.9551 0
34BSV324-20190615-091946.jpg 384.5 281.8 481.0 313.8 0.9546 0
34BSV324-20190615-091953.jpg 383.7 281.9 480.8 313.8 0.9625 0
34BSV324-20190615-091954.jpg 383.7 281.8 480.9 313.7 0.9612 0
34BSV324-20190615-091959.jpg 383.9 281.9 480.9 313.9 0.9607 0
34BSV324-20190615-092001.jpg 384.8 281.9 480.9 313.8 0.9576 0
34BSV324-20190615-092006.jpg 384.5 281.7 480.9 314.0 0.9597 0
34BSV324-20190615-092009.jpg 384.5 281.8 480.9 313.8 0.9551 0
34BSV324-20190615-092011.jpg 383.8 282.0 480.9 313.8 0.9611 0
34BSV324-20190615-092013.jpg 443.9 284.0 544.6 316.9 0.9651 0
34BSY32-20190615-091924.jpg 384.4 281.8 480.9 313.7 0.9559 0
34BSY32-20190615-091934.jpg 384.0 281.8 481.0 313.9 0.9558 0
34BSY32-20190615-091939.jpg 384.4 282.0 480.7 313.7 0.9543 0
34BSY32-20190615-091940.jpg 384.8 281.8 480.8 313.7 0.9437 0
34BSY32-20190615-091948.jpg 384.6 281.7 481.0 313.8 0.9552 0
34BSY32-20190615-091949.jpg 383.8 281.9 481.0 313.8 0.9635 0
34BSY32-20190615-092009.jpg 384.6 281.9 480.9 313.8 0.9554 0
34BSY324-20190615-091924.jpg 384.3 281.8 480.9 313.7 0.9563 0
34BSY324-20190615-091939.jpg 384.5 281.9 480.8 313.7 0.9542 0
34BSY324-20190615-091941.jpg 1010.1 330.8 1123.7 358.0 0.8589 0
34BSY324-20190615-091942.jpg 383.9 281.7 480.9 313.8 0.9577 0
34BSY324-20190615-091945.jpg 384.3 281.8 480.9 313.9 0.9557 0
34BSY324-20190615-091947.jpg 384.6 281.8 481.1 313.8 0.9546 0
34BSY482-20190615-174440.jpg 687.9 361.6 829.5 398.6 0.9496 0
34BSY82-20190615-174440.jpg 546.5 309.3 649.2 336.1 0.9277 0
34BTE253-20190615-093920.jpg 833.2 379.1 984.0 418.3 0.9383 0
34BTE263-20190615-093919.jpg 540.2 290.1 631.4 313.9 0.9217 0
34BTE263-20190615-093920.jpg 974.7 418.1 1151.9 464.1 0.9359 0
34BTE263-20190615-201410.jpg 491.3 288.2 583.2 312.6 0.9364 0
34BTN21-20190615-011143.jpg 586.8 296.6 708.0 326.3 0.9532 0
34BTN211-20190615-011144.jpg 699.7 330.8 841.8 366.1 0.9555 0
34BTN27-20190615-011144.jpg 858.7 366.2 1026.4 409.8 0.9205 0
34BTN27-20190615-011243.jpg 858.7 366.2 1026.4 409.8 0.9205 0
34BTN277-20190615-011143.jpg 558.8 291.5 674.7 319.2 0.9412 0
34BTZ47-20190615-002239.jpg 579.9 327.0 692.0 358.1 0.9468 0
34BTZ474-20190615-002240.jpg 714.5 390.3 860.6 427.9 0.9387 0
34BTZ474-20190615-185425.jpg 600.6 312.7 703.0 340.0 0.9393 0
34BUA078-20190615-141731.jpg 686.0 330.3 799.1 358.0 0.9469 0
34BUA078-20190615-205633.jpg 592.7 330.5 711.7 359.2 0.9522 0
34BVE832-20190615-140755.jpg 430.0 291.4 520.1 314.9 0.9138 0
34BVE832-20190615-140756.jpg 433.9 291.8 525.4 316.1 0.9373 0
34BVE832-20190615-140758.jpg 434.0 292.2 525.9 316.9 0.9409 0
34BVE832-20190615-140759.jpg 433.9 292.2 525.9 317.0 0.9409 0
34BVE832-20190615-140803.jpg 434.1 292.3 525.7 316.7 0.9399 0
34BVE832-20190615-140804.jpg 433.9 292.3 525.9 316.8 0.9398 0
34BVE832-20190615-140810.jpg 519.6 313.7 624.8 339.9 0.9332 0
34BVE832-20190615-160211.jpg 405.8 299.8 497.3 322.8 0.9170 0
34BVE832-20190615-171035.jpg 478.2 305.8 577.7 331.1 0.9414 0
34BVF089-20190615-181255.jpg 698.1 322.4 814.3 352.8 0.9539 0
34BVG29-20190615-213555.jpg 844.5 478.2 1044.3 528.9 0.9537 0
34BVG393-20190615-153608.jpg 761.1 386.7 913.8 426.3 0.8683 0
34BVG829-20190615-162804.jpg 655.4 333.6 760.1 358.3 0.8987 0
34BVG829-20190615-213554.jpg 573.5 351.1 703.0 383.2 0.9517 0
34BVJ52-20190615-144229.jpg 741.5 359.6 874.3 392.0 0.9332 0
34BVR69-20190615-195959.jpg 477.7 277.7 558.8 301.5 0.8804 0
34BXS619-20190615-125846.jpg 577.9 316.9 686.5 344.2 0.9391 0
34BYE832-20190615-140758.jpg 434.0 292.3 525.8 316.9 0.9408 0
34BYE832-20190615-140800.jpg 434.2 292.4 525.5 316.7 0.9392 0
34BYE832-20190615-140801.jpg 434.2 292.4 525.6 316.7 0.9396 0
34BYJ52-20190615-075832.jpg 892.5 219.7 969.2 242.4 0.9262 0
34BYJ52-20190615-081547.jpg 565.9 315.7 674.9 342.4 0.9137 0
34BYJ52-20190615-144229.jpg 638.5 326.2 749.5 352.8 0.9347 0
34BYJ52-20190615-144230.jpg 786.7 382.3 929.9 416.3 0.9413 0
34CAU21-20190615-073419.jpg 839.6 214.8 906.6 237.8 0.9176 0
34CAU241-20190615-200650.jpg 552.6 284.4 648.7 310.9 0.9081 0
34CAU241-20190615-233539.jpg 538.9 315.1 661.1 346.2 0.9391 0
34CAU241-20190615-233540.jpg 677.1 387.2 845.3 433.3 0.9311 0
34CAU72-20190615-142925.jpg 373.1 304.3 470.4 328.4 0.8973 0
34CAU728-20190615-142910.jpg 376.9 302.2 473.2 325.7 0.9042 0
34CAU728-20190615-142913.jpg 372.9 304.2 470.9 328.4 0.8221 0
34CAU728-20190615-142916.jpg 372.7 304.2 471.7 329.6 0.6536 0
34CAU728-20190615-142916.jpg 1119.4 509.2 1283.7 568.6 0.5206 0
34CAU728-20190615-142918.jpg 373.1 304.4 470.2 328.2 0.8996 0
34CAU728-20190615-142921.jpg 373.0 304.3 470.4 328.2 0.8963 0
34CAU728-20190615-142926.jpg 373.2 304.3 470.4 328.3 0.9066 0
34CAU728-20190615-142933.jpg 372.9 304.1 470.0 328.0 0.8757 0
34CAU728-20190615-142936.jpg 372.9 304.3 470.1 328.2 0.8994 0
34CBA05-20190615-073847.jpg 619.2 264.3 693.9 284.3 0.8918 0
34CBA05-20190615-073848.jpg 688.7 343.1 812.2 372.7 0.9522 0
34CBA05-20190615-112828.jpg 436.3 286.8 521.3 309.5 0.8994 0
34CBA05-20190615-114320.jpg 890.1 222.0 965.6 244.2 0.9148 0
34CU241-20190615-233538.jpg 495.8 293.4 596.3 318.7 0.9409 0
34CU241-20190615-233540.jpg 607.1 360.7 755.0 400.3 0.9347 0
34CU728-20190615-142908.jpg 400.9 291.0 490.8 313.5 0.9157 0
34CU728-20190615-142931.jpg 995.3 295.7 1078.7 318.4 0.8993 0
34D0940-20190615-133819.jpg 875.5 448.2 1050.8 496.6 0.9283 0
34D0940-20190615-234419.jpg 622.4 369.2 759.2 406.2 0.9330 0
34D7614-20190615-092900.jpg 358.5 282.0 450.3 310.2 0.9508 0
34DD5585-20190615-085614.jpg 634.8 312.4 741.1 339.9 0.9162 0
34DD5693-20190615-170821.jpg 764.8 366.3 898.0 400.0 0.9371 0
34DD6585-20190615-085615.jpg 713.7 334.8 833.4 364.5 0.9286 0
34DE7449-20190615-191503.jpg 437.4 276.3 524.6 300.0 0.5244 0
34DFJ840-20190615-202951.jpg 714.3 294.6 805.4 322.1 0.9329 0
34DH0694-20190615-134905.jpg 611.9 311.6 744.8 345.2 0.9345 0
34DH0694-20190615-134906.jpg 852.8 384.9 1043.9 432.5 0.5979 0
34DH0694-20190615-152757.jpg 596.6 276.1 691.7 301.1 0.9034 0
34DH751-20190615-092903.jpg 360.9 293.3 465.4 323.6 0.9437 0
34DH761-20190615-092903.jpg 364.3 295.4 470.6 326.4 0.9271 0
34DH7614-20190615-092907.jpg 689.1 352.2 830.7 388.1 0.9466 0
34DHO694-20190615-134905.jpg 502.7 273.3 605.3 300.1 0.9257 0
34DHO694-20190615-134906.jpg 644.3 330.3 786.8 365.3 0.9390 0
34DHO694-20190615-152756.jpg 553.8 260.4 631.2 282.5 0.9130 0
34DHO694-20190615-152758.jpg 782.3 340.8 934.4 380.4 0.8658 0
34DJ8860-20190615-142213.jpg 869.9 247.8 946.6 271.7 0.8794 0
34DL0949-20190615-095813.jpg 568.8 305.2 674.0 330.8 0.9462 0
34DL0949-20190615-095814.jpg 722.1 368.3 870.4 406.3 0.9380 0
34DL099-20190615-095228.jpg 907.0 258.4 981.1 278.4 0.8952 0
34DLD949-20190615-203819.jpg 1037.1 490.4 1251.7 547.7 0.8692 0
34DLO949-20190615-095814.jpg 652.9 334.2 782.5 366.6 0.9514 0
34DN751-20190615-092901.jpg 357.0 292.6 458.2 322.6 0.9309 0
34DN751-20190615-092902.jpg 359.5 292.9 461.9 323.7 0.9395 0
34DN761-20190615-092903.jpg 359.2 292.2 462.4 322.8 0.9397 0
34DN761-20190615-092904.jpg 368.6 299.8 479.0 331.2 0.9490 0
34DN7614-20190615-092904.jpg 375.4 303.9 487.7 335.8 0.9528 0
34DN7614-20190615-092907.jpg 757.1 358.6 905.5 397.3 0.9318 0
34DO940-20190615-133819.jpg 736.7 400.2 880.9 439.6 0.9407 0
34DT6464-20190615-001921.jpg 624.6 426.7 817.1 471.4 0.9133 0
34DTG454-20190615-001920.jpg 480.4 328.0 604.5 357.1 0.9455 0
34DTG464-20190615-001921.jpg 556.4 390.3 719.0 429.4 0.9158 0
34DU311-20190615-001724.jpg 451.4 322.0 571.1 353.2 0.9490 0
34DU311-20190615-232802.jpg 532.9 306.8 642.2 335.7 0.9481 0
34DU3111-20190615-001724.jpg 535.0 348.5 672.7 383.3 0.9449 0
34DY550-20190615-231518.jpg 781.8 416.9 950.5 460.4 0.8942 0
34E0161-20190615-160758.jpg 835.4 217.0 902.6 237.5 0.9215 0
34E0210-20190615-182111.jpg 581.6 288.9 674.4 312.4 0.9263 0
34E0210-20190615-182112.jpg 600.3 289.7 694.8 313.4 0.9326 0
34E0210-20190615-182115.jpg 600.4 290.5 694.5 313.8 0.9318 0
34E0210-20190615-182117.jpg 600.5 290.4 694.7 313.7 0.9317 0
34E0210-20190615-182119.jpg 607.6 290.4 702.3 313.8 0.9380 0
34E0210-20190615-182120.jpg 637.4 294.6 735.0 318.8 0.9359 0
34E3472-20190615-000700.jpg 722.9 372.6 867.4 409.7 0.9380 0
34E83472-20190615-214713.jpg 625.4 334.3 762.9 368.7 0.9374 0
34EAU728-20190615-142919.jpg 373.0 304.3 470.4 328.1 0.8975 0
34EB312-20190615-000659.jpg 524.9 297.9 630.4 325.5 0.9594 0
34EB3412-20190615-000659.jpg 620.7 321.0 749.1 351.8 0.9532 0
34EB3412-20190615-214713.jpg 693.3 383.4 846.0 421.5 0.9256 0
34EB3472-20190615-000700.jpg 934.6 423.4 1106.2 466.5 0.9237 0
34EB3472-20190615-214713.jpg 757.4 396.2 923.9 438.7 0.9210 0
34EC0016-20190615-133756.jpg 490.1 314.5 594.1 340.6 0.5271 0
34EC0016-20190615-133757.jpg 633.0 368.2 771.1 404.0 0.9345 0
34EC395-20190615-093503.jpg 434.0 296.0 530.9 320.9 0.9364 0
34EC395-20190615-133409.jpg 602.6 296.0 690.1 321.1 0.9145 0
34EC395-20190615-133411.jpg 897.2 419.2 1071.8 466.3 0.9189 0
34EC395-20190615-180038.jpg 938.2 414.9 1109.4 462.0 0.8311 0
34EC3951-20190615-093503.jpg 434.0 295.9 530.8 320.9 0.9360 0
34EC3951-20190615-133410.jpg 633.1 318.6 740.4 348.0 0.9317 0
34EC3951-20190615-180037.jpg 679.6 328.3 799.7 361.3 0.9283 0
34ECF19-20190615-104111.jpg 881.8 406.2 1061.2 449.1 0.9472 0
34ECF19-20190615-173827.jpg 752.8 387.5 911.3 426.7 0.8411 0
34ECO016-20190615-133756.jpg 577.7 335.8 702.1 367.3 0.9373 0
34ECO016-20190615-133757.jpg 849.5 442.3 1041.9 491.5 0.9374 0
34EDH24-20190615-210109.jpg 518.9 306.9 619.7 335.9 0.9433 0
34EEH24-20190615-210112.jpg 509.8 314.9 616.0 342.2 0.9383 0
34EH2553-20190615-203802.jpg 695.6 352.0 822.0 381.7 0.9573 0
34EH2663-20190615-203803.jpg 834.5 414.7 1004.0 453.3 0.9335 0
34EH3481-20190615-183540.jpg 609.6 300.5 723.3 331.9 0.9318 0
34EH3481-20190615-183541.jpg 671.6 311.4 791.8 343.9 0.9341 0
34EH381-20190615-183459.jpg 526.8 294.9 630.9 323.3 0.9340 0
34EH381-20190615-183501.jpg 526.7 292.0 631.1 320.5 0.9313 0
34EH381-20190615-183504.jpg 526.6 292.2 631.0 320.6 0.9339 0
34EH381-20190615-183509.jpg 526.8 292.2 631.2 320.6 0.9302 0
34EH381-20190615-183511.jpg 526.6 292.2 630.9 320.5 0.9335 0
34EH381-20190615-183514.jpg 526.7 292.2 630.9 320.4 0.9310 0
34EH381-20190615-183515.jpg 526.8 292.2 630.9 320.5 0.9322 0
34EH381-20190615-183517.jpg 526.8 292.2 630.7 320.6 0.9275 0
34EH381-20190615-183520.jpg 526.5 292.3 630.6 320.6 0.9340 0
34EH381-20190615-183521.jpg 526.7 292.3 630.5 320.4 0.9340 0
34EH381-20190615-183522.jpg 526.6 292.3 630.7 320.6 0.9332 0
34EH381-20190615-183528.jpg 526.7 292.1 631.0 320.6 0.9325 0
34EH381-20190615-183534.jpg 526.6 292.2 630.9 320.7 0.9332 0
34EH381-20190615-183537.jpg 526.5 292.1 630.9 320.6 0.9327 0
34EH381-20190615-183540.jpg 572.0 299.2 682.1 329.8 0.9266 0
34EH4512-20190615-141305.jpg 469.9 273.1 567.9 297.6 0.9264 0
34EH4571-20190615-113352.jpg 541.1 363.8 666.3 396.8 0.9432 0
34EH4722-20190615-213744.jpg 535.4 298.5 632.7 322.6 0.9401 0
34EH512-20190615-141240.jpg 447.9 262.0 529.9 283.3 0.9263 0
34EH512-20190615-141244.jpg 462.5 270.6 555.3 294.2 0.9303 0
34EH512-20190615-141248.jpg 462.3 270.7 555.3 294.2 0.9325 0
34EH512-20190615-141250.jpg 462.1 270.7 555.4 294.1 0.9296 0
34EH512-20190615-141255.jpg 462.6 270.7 555.3 294.1 0.9324 0
34EH512-20190615-141256.jpg 462.4 270.6 555.1 294.0 0.9352 0
34EH512-20190615-141258.jpg 462.5 270.7 555.1 294.1 0.9339 0
34EH512-20190615-141304.jpg 461.7 271.1 555.4 294.9 0.9322 0
34EH512-20190615-141306.jpg 486.8 278.9 591.8 305.7 0.9228 0
34EH7053-20190615-224305.jpg 677.7 372.6 829.3 408.3 0.9467 0
34EJ449-20190615-143012.jpg 426.0 290.1 525.5 314.7 0.9576 0
34EJ449-20190615-143033.jpg 426.0 290.8 525.7 315.2 0.9588 0
34EJ4549-20190615-143004.jpg 426.7 290.5 526.1 315.3 0.9405 0
34EJ4549-20190615-143011.jpg 425.8 289.9 525.6 314.6 0.9563 0
34EJ4549-20190615-143028.jpg 426.3 290.4 526.0 314.9 0.9583 0
34EJ4549-20190615-143035.jpg 425.9 290.9 525.7 315.4 0.9569 0
34EJ459-20190615-142958.jpg 424.5 290.6 524.9 315.3 0.9576 0
34EJ459-20190615-143002.jpg 427.9 290.8 528.9 318.5 0.6499 0
34EJ459-20190615-143007.jpg 426.0 290.3 526.3 315.1 0.9590 0
34EJ464-20190615-143032.jpg 426.1 290.6 525.6 315.1 0.9587 0
34EJ4649-20190615-142956.jpg 390.5 279.4 483.8 302.5 0.9465 0
34EJ4649-20190615-142957.jpg 421.6 289.7 520.7 314.4 0.9531 0
34EJ4649-20190615-142959.jpg 426.2 290.8 526.0 315.4 0.9585 0
34EJ4649-20190615-143001.jpg 1120.8 310.5 1205.6 334.8 0.8227 0
34EJ4649-20190615-143002.jpg 427.7 290.9 528.4 318.1 0.8116 0
34EJ4649-20190615-143004.jpg 426.5 290.4 526.0 315.1 0.9491 0
34EJ4649-20190615-143005.jpg 426.3 290.4 526.0 315.0 0.9594 0
34EJ4649-20190615-143006.jpg 426.3 290.4 526.1 315.0 0.9596 0
34EJ4649-20190615-143007.jpg 426.0 290.3 526.2 315.1 0.9587 0
34EJ4649-20190615-143008.jpg 426.0 290.4 526.1 315.0 0.9598 0
34EJ4649-20190615-143009.jpg 426.0 290.0 525.6 314.4 0.9567 0
34EJ4649-20190615-143013.jpg 425.7 290.1 525.5 314.7 0.9572 0
34EJ4649-20190615-143015.jpg 426.1 290.3 525.7 314.7 0.9578 0
34EJ4649-20190615-143016.jpg 425.9 290.2 525.4 314.7 0.9574 0
34EJ4649-20190615-143017.jpg 425.8 290.2 525.4 314.7 0.9573 0
34EJ4649-20190615-143018.jpg 425.8 289.9 525.5 314.5 0.9575 0
34EJ4649-20190615-143021.jpg 426.1 290.3 525.7 315.0 0.9555 0
34EJ4649-20190615-143022.jpg 426.0 290.4 525.8 315.0 0.9576 0
34EJ4649-20190615-143023.jpg 426.0 290.4 525.9 314.9 0.9581 0
34EJ4649-20190615-143028.jpg 426.3 290.4 525.8 314.8 0.9585 0
34EJ4649-20190615-143029.jpg 426.1 290.3 525.8 314.9 0.9566 0
34EJ4649-20190615-143032.jpg 425.6 290.3 525.7 314.9 0.9580 0
34EJ4649-20190615-143033.jpg 425.9 290.7 525.5 315.3 0.9593 0
34EJ4649-20190615-143034.jpg 426.0 290.8 525.6 315.3 0.9594 0
34EJ4649-20190615-143035.jpg 425.9 290.9 525.7 315.4 0.9569 0
34EJ4649-20190615-143038.jpg 426.4 290.8 525.8 315.3 0.9582 0
34EJ4649-20190615-143040.jpg 1161.9 228.9 1243.6 252.4 0.8247 0
34EJ4649-20190615-143043.jpg 426.7 290.9 526.0 315.8 0.9390 0
34EJ4649-20190615-143047.jpg 425.9 290.7 525.7 315.3 0.9575 0
34EJ4649-20190615-143048.jpg 425.9 290.7 525.8 315.3 0.9572 0
34EJ469-20190615-142956.jpg 407.3 284.9 504.1 309.0 0.9486 0
34EJ469-20190615-142958.jpg 426.0 291.0 526.1 315.7 0.9568 0
34EJ469-20190615-143005.jpg 426.4 290.4 526.1 315.0 0.9586 0
34EJ469-20190615-143006.jpg 426.3 290.5 526.1 315.0 0.9599 0
34EJ469-20190615-143007.jpg 426.1 290.3 526.2 315.1 0.9588 0
34EJ469-20190615-143008.jpg 426.0 290.3 526.2 315.0 0.9586 0
34EJ469-20190615-143009.jpg 426.4 290.3 525.8 314.6 0.9564 0
34EJ469-20190615-143014.jpg 426.0 290.2 525.6 314.7 0.9569 0
34EJ469-20190615-143017.jpg 425.8 290.2 525.4 314.7 0.9574 0
34EJ469-20190615-143018.jpg 426.0 290.2 525.6 314.6 0.9577 0
34EJ469-20190615-143019.jpg 426.0 290.3 525.6 315.0 0.9568 0
34EJ469-20190615-143020.jpg 426.1 290.3 525.6 315.0 0.9556 0
34EJ469-20190615-143021.jpg 426.2 290.3 525.6 315.0 0.9558 0
34EJ469-20190615-143022.jpg 425.9 290.4 525.9 314.9 0.9582 0
34EJ469-20190615-143023.jpg 425.9 290.4 525.9 315.0 0.9584 0
34EJ469-20190615-143028.jpg 426.3 290.4 526.0 314.9 0.9583 0
34EJ469-20190615-143029.jpg 426.2 290.3 525.8 314.9 0.9572 0
34EJ469-20190615-143032.jpg 425.7 290.3 525.7 314.9 0.9578 0
34EJ469-20190615-143037.jpg 426.4 290.8 525.8 315.3 0.9584 0
34EJ469-20190615-143038.jpg 426.4 290.8 525.8 315.3 0.9582 0
34EJ469-20190615-143039.jpg 426.7 290.7 525.9 315.4 0.9428 0
34EJ469-20190615-143040.jpg 1230.6 230.6 1280.3 256.8 0.8647 0
34EJ469-20190615-143042.jpg 426.6 290.8 526.0 315.6 0.9409 0
34EJ469-20190615-143048.jpg 425.9 290.7 525.8 315.3 0.9572 0
34EJ549-20190615-143034.jpg 426.0 290.9 525.6 315.4 0.9567 0
34EJ569-20190615-145909.jpg 869.3 218.3 950.0 240.5 0.9489 0
34EJ649-20190615-143013.jpg 426.0 290.1 525.6 314.7 0.9571 0
34EJ649-20190615-143014.jpg 426.0 290.2 525.5 314.7 0.9572 0
34EJ649-20190615-143015.jpg 426.0 290.3 525.7 314.7 0.9578 0
34EJ649-20190615-143016.jpg 426.1 290.3 525.7 314.7 0.9577 0
34EJ649-20190615-143020.jpg 426.0 290.3 525.6 315.0 0.9568 0
34EJ649-20190615-143022.jpg 425.9 290.4 525.8 315.0 0.9582 0
34EJ649-20190615-143027.jpg 426.3 290.4 525.9 314.9 0.9576 0
34EJG49-20190615-143047.jpg 425.8 290.7 525.8 315.4 0.9574 0
34EK6718-20190615-124237.jpg 568.7 313.9 678.3 341.4 0.9455 0
34EK672-20190615-221022.jpg 646.0 314.9 755.5 344.3 0.9551 0
34EL1555-20190615-150909.jpg 541.3 336.5 651.9 363.5 0.9470 0
34EL7547-20190615-131524.jpg 962.4 491.3 1135.1 536.5 0.9426 0
34ELJ566-20190615-150910.jpg 698.1 393.4 839.8 429.2 0.9373 0
34ELV54-20190615-064210.jpg 891.4 226.1 969.9 250.3 0.9222 0
34EM381-20190615-183526.jpg 526.6 292.1 630.9 320.6 0.9355 0
34EMH24-20190615-210108.jpg 522.0 306.0 621.1 334.3 0.9435 0
34EMH24-20190615-210109.jpg 517.1 307.8 617.9 337.1 0.9420 0
34EMH24-20190615-210112.jpg 510.3 315.0 616.4 342.3 0.9525 0
34EMH24-20190615-232221.jpg 517.4 326.4 630.4 356.4 0.9487 0
34EN3481-20190615-183538.jpg 525.5 291.7 629.8 320.4 0.9326 0
34EN3481-20190615-183541.jpg 703.1 316.2 829.0 349.6 0.9376 0
34EN381-20190615-183458.jpg 511.1 293.4 614.1 321.5 0.9381 0
34EN381-20190615-183501.jpg 526.7 292.0 631.0 320.5 0.9315 0
34EN381-20190615-183505.jpg 526.8 292.3 631.0 320.5 0.9301 0
34EN381-20190615-183506.jpg 526.8 292.3 631.0 320.5 0.9304 0
34EN381-20190615-183508.jpg 526.8 292.2 631.2 320.6 0.9300 0
34EN381-20190615-183510.jpg 526.6 292.3 631.0 320.5 0.9342 0
34EN381-20190615-183511.jpg 526.6 292.2 630.9 320.5 0.9333 0
34EN381-20190615-183513.jpg 526.7 292.2 631.0 320.6 0.9329 0
34EN381-20190615-183515.jpg 526.9 292.2 630.9 320.5 0.9310 0
34EN381-20190615-183517.jpg 526.8 292.2 630.6 320.5 0.9310 0
34EN381-20190615-183518.jpg 526.8 292.2 630.5 320.3 0.9314 0
34EN381-20190615-183521.jpg 526.7 292.3 630.6 320.5 0.9339 0
34EN381-20190615-183523.jpg 526.5 292.3 630.9 320.9 0.9313 0
34EN381-20190615-183526.jpg 526.6 292.2 630.9 320.6 0.9356 0
34EN381-20190615-183528.jpg 526.7 292.1 631.0 320.6 0.9323 0
34EN381-20190615-183529.jpg 526.7 292.1 631.0 320.6 0.9328 0
34EN381-20190615-183531.jpg 526.7 292.1 631.0 320.6 0.9334 0
34EN381-20190615-183533.jpg 526.6 292.2 630.9 320.7 0.9329 0
34EN381-20190615-183537.jpg 526.4 292.1 630.1 320.3 0.9331 0
34EN381-20190615-183539.jpg 525.6 291.6 629.9 320.5 0.9332 0
34EN381-20190615-183540.jpg 588.8 301.1 701.2 332.3 0.9244 0
34EN381-20190615-183541.jpg 641.5 303.7 756.8 334.0 0.9259 0
34EN4512-20190615-141243.jpg 462.4 270.5 555.3 294.1 0.9335 0
34EN4512-20190615-141257.jpg 462.3 270.6 555.0 294.1 0.9275 0
34EN4512-20190615-141302.jpg 461.9 271.0 555.3 294.7 0.9338 0
34EN4512-20190615-141304.jpg 462.5 271.3 556.7 295.0 0.9326 0
34EN4512-20190615-141306.jpg 498.9 283.1 606.7 310.0 0.9054 0
34EN512-20190615-141247.jpg 462.3 270.8 555.3 294.2 0.9330 0
34EN512-20190615-141248.jpg 462.3 270.7 555.3 294.2 0.9322 0
34EN512-20190615-141254.jpg 462.6 270.7 555.3 294.1 0.9318 0
34EN512-20190615-141255.jpg 462.6 270.7 555.3 294.1 0.9321 0
34EN512-20190615-141258.jpg 462.3 270.7 555.1 294.1 0.9326 0
34EN512-20190615-141303.jpg 461.8 271.1 555.2 294.8 0.9344 0
34EO161-20190615-160758.jpg 841.4 212.4 918.5 236.3 0.9042 0
34EO210-20190615-182113.jpg 600.0 290.2 694.8 313.8 0.9327 0
34EO210-20190615-182117.jpg 600.4 290.5 694.4 313.8 0.9343 0
34EO210-20190615-182119.jpg 628.8 293.0 725.3 316.9 0.9267 0
34ES209-20190615-125956.jpg 770.1 391.4 923.2 431.2 0.9087 0
34ETT263.jpg 708.4 1005.2 924.6 1122.0 0.5739 1
34EV0161-20190615-130004.jpg 947.7 437.8 1118.2 478.1 0.9120 0
34EY016-20190615-000504.jpg 530.3 325.6 641.7 353.1 0.9413 0
34EY016-20190615-130001.jpg 488.5 293.6 570.5 313.5 0.9352 0
34EY016-20190615-130004.jpg 794.1 389.7 936.0 423.9 0.8293 0
34EY016-20190615-130004.jpg 794.7 389.8 936.6 424.0 0.7015 0
34EY016-20190615-223815.jpg 510.7 314.3 618.1 339.6 0.9621 0
34EY0161-20190615-000504.jpg 499.0 319.5 605.9 345.4 0.9433 0
34EY0161-20190615-000505.jpg 583.0 330.4 703.3 360.1 0.9398 0
34EY0161-20190615-130002.jpg 556.2 308.0 648.1 329.9 0.9365 0
34EY0161-20190615-130003.jpg 641.6 326.5 752.3 353.9 0.9412 0
34EY0161-20190615-223815.jpg 570.3 328.0 689.9 356.5 0.9582 0
34EY0161-20190615-223816.jpg 777.8 409.2 940.3 448.7 0.9335 0
34EY061-20190615-223815.jpg 548.8 328.4 662.8 355.6 0.9490 0
34EYD16-20190615-130002.jpg 505.1 296.5 589.7 316.4 0.9103 0
34EYD61-20190615-000506.jpg 823.1 424.0 1000.0 469.5 0.8481 0
34EYO161-20190615-223816.jpg 653.9 364.3 790.6 398.3 0.9082 0
34EYO161-20190615-223817.jpg 895.9 443.6 1054.0 484.5 0.8827 0
34EYQ61-20190615-223814.jpg 484.7 306.8 586.6 331.6 0.9589 0
34F01290-20190615-185451.jpg 585.0 296.5 685.0 323.9 0.9406 0
34F8835-20190615-211921.jpg 533.1 321.8 664.1 358.4 0.9397 0
34F8836-20190615-211922.jpg 553.9 339.6 692.9 378.0 0.9324 0
34FB1508-20190615-001154.jpg 521.6 242.8 641.4 273.9 0.9483 0
34FB1508-20190615-094324.jpg 417.5 276.4 512.1 304.3 0.9222 0
34FBB35-20190615-211921.jpg 512.2 316.0 636.3 349.9 0.9415 0
34FD1290-20190615-163643.jpg 758.4 377.1 899.2 413.2 0.8436 0
34FD1290-20190615-185451.jpg 619.5 310.8 727.7 340.1 0.9407 0
34FEL61-20190615-084645.jpg 897.2 231.4 976.3 253.9 0.9263 0
34FF141-20190615-235226.jpg 603.7 311.5 710.2 336.2 0.9499 0
34FF142-20190615-235226.jpg 616.7 315.4 727.7 341.0 0.9396 0
34FG5575-20190615-120111.jpg 459.5 298.0 557.3 325.1 0.9492 0
34FG5575-20190615-120114.jpg 459.1 298.1 557.2 325.0 0.9471 0
34FG5575-20190615-120115.jpg 458.9 298.1 557.2 325.0 0.9472 0
34FG5575-20190615-120119.jpg 459.0 298.0 557.0 325.1 0.9475 0
34FG5575-20190615-120122.jpg 460.0 298.1 557.1 325.3 0.9481 0
34FG5575-20190615-120124.jpg 459.4 297.9 557.2 325.3 0.9485 0
34FG5575-20190615-120130.jpg 459.1 298.0 557.2 325.4 0.9493 0
34FG5575-20190615-120131.jpg 459.8 298.0 557.6 325.7 0.9489 0
34FG5575-20190615-120140.jpg 459.7 298.1 557.5 325.9 0.9509 0
34FG5575-20190615-120141.jpg 459.5 297.8 557.4 325.8 0.9537 0
34FG5575-20190615-120143.jpg 458.9 298.1 557.3 326.1 0.9524 0
34FG5575-20190615-120146.jpg 458.8 297.8 557.6 326.1 0.9536 0
34FG5575-20190615-120151.jpg 460.1 298.1 557.8 326.1 0.9472 0
34FG5575-20190615-120154.jpg 459.9 298.1 557.2 326.2 0.9499 0
34FG5575-20190615-120155.jpg 459.9 298.1 557.2 326.2 0.9495 0
34FG5575-20190615-120156.jpg 460.3 297.9 557.4 326.1 0.9490 0
34FG5575-20190615-120158.jpg 460.3 297.9 557.4 326.2 0.9486 0
34FG5575-20190615-120159.jpg 460.1 297.3 557.4 325.9 0.9514 0
34FG5575-20190615-120201.jpg 708.3 351.5 835.1 384.0 0.9422 0
34FL3157-20190615-093340.jpg 884.4 275.8 967.2 299.0 0.9151 0
34FL396-20190615-131847.jpg 836.8 373.6 982.2 415.3 0.9224 0
34FL539-20190615-143132.jpg 723.8 397.9 883.2 442.7 0.9334 0
34FL5395-20190615-131846.jpg 690.1 316.1 797.7 345.3 0.9198 0
34FL5396-20190615-131847.jpg 1009.2 434.3 1195.5 486.4 0.9349 0
34FL5396-20190615-143131.jpg 472.5 313.5 580.9 343.3 0.9339 0
34FN8835-20190615-173307.jpg 583.2 315.6 698.6 344.4 0.9322 0
34FN8835-20190615-211923.jpg 729.9 395.8 904.9 444.6 0.9290 0
34FN8836-20190615-173308.jpg 636.1 342.7 765.3 374.9 0.9448 0
34FN8836-20190615-211923.jpg 871.1 436.5 1076.4 489.4 0.9427 0
34FNB835-20190615-211922.jpg 594.2 356.2 741.1 397.3 0.9319 0
34FR3947-20190615-112027.jpg 548.6 312.1 629.8 332.9 0.9294 0
34FS4635-20190615-112324.jpg 899.7 369.1 1078.8 417.0 0.7586 0
34FS4635-20190615-112324.jpg 899.4 369.0 1076.7 416.3 0.7081 0
34FS535-20190615-143309.jpg 405.1 268.2 500.4 293.4 0.9415 0
34FS535-20190615-143311.jpg 404.7 268.6 500.2 293.9 0.9418 0
34FS535-20190615-143312.jpg 403.4 270.1 499.8 296.1 0.9501 0
34FS635-20190615-143307.jpg 405.0 268.4 500.5 293.5 0.9396 0
34FS635-20190615-143308.jpg 405.0 268.2 500.4 293.4 0.9418 0
34FS635-20190615-143309.jpg 404.9 268.4 500.4 293.5 0.9412 0
34FS635-20190615-143311.jpg 404.0 269.0 499.5 294.4 0.9500 0
34FSG35-20190615-143308.jpg 405.0 268.3 500.4 293.4 0.9414 0
34FV1625-20190615-212754.jpg 475.2 335.1 609.5 371.5 0.9404 0
34FV7755-20190615-095057.jpg 681.8 335.8 806.4 368.7 0.9385 0
34FV7755-20190615-184437.jpg 584.6 298.6 686.0 325.6 0.9035 0
34FV7755-20190615-184438.jpg 673.2 364.1 815.3 401.1 0.9135 0
34FV7756-20190615-095057.jpg 741.8 361.8 879.4 398.2 0.9216 0
34FV7756-20190615-184438.jpg 634.1 335.8 760.2 368.3 0.9360 0
34FV7756-20190615-184439.jpg 719.7 386.1 875.6 426.1 0.9165 0
34FYV20-20190615-133356.jpg 649.6 320.5 759.6 347.9 0.9412 0
34G3380-20190615-105845.jpg 539.7 281.1 627.9 305.3 0.9261 0
34GG3850-20190615-083341.jpg 894.9 214.7 970.6 238.2 0.8413 0
34GG3850-20190615-172000.jpg 530.1 306.9 627.0 330.4 0.9514 0
34GG3850-20190615-172001.jpg 797.9 411.8 952.4 447.7 0.8796 0
34GG478-20190615-224710.jpg 569.0 289.4 666.1 315.7 0.9495 0
34GG547-20190615-224711.jpg 842.2 388.3 1002.3 431.3 0.9267 0
34GG5478-20190615-224710.jpg 611.2 307.1 717.4 336.0 0.9400 0
34GG5478-20190615-224711.jpg 887.1 399.2 1058.1 444.9 0.9245 0
34GJ730-20190615-104522.jpg 347.7 293.9 437.3 315.6 0.9572 0
34GJ730-20190615-104714.jpg 345.7 292.3 438.4 317.2 0.9593 0
34GJ730-20190615-104935.jpg 348.1 292.7 437.8 315.3 0.9185 0
34GJ730-20190615-104946.jpg 346.1 292.0 438.3 316.9 0.9566 0
34GJ730-20190615-104948.jpg 346.1 292.0 438.3 316.9 0.9570 0
34GJ730-20190615-104950.jpg 345.9 291.8 438.4 316.8 0.9567 0
34GJ730-20190615-105000.jpg 346.1 292.1 438.8 316.9 0.9561 0
34GJ730-20190615-105003.jpg 346.2 292.0 438.8 317.0 0.9569 0
34GJ730-20190615-105014.jpg 345.9 292.1 438.2 316.9 0.9586 0
34GJ730-20190615-105015.jpg 346.0 292.1 438.3 316.9 0.9586 0
34GJ730-20190615-105019.jpg 345.7 292.1 438.3 317.1 0.9566 0
34GJ730-20190615-105043.jpg 347.9 293.8 437.6 315.7 0.9542 0
34GJ730-20190615-105101.jpg 347.8 294.0 437.5 315.8 0.9528 0
34GJ730-20190615-105109.jpg 349.7 294.3 439.5 315.9 0.9575 0
34GJ730-20190615-105135.jpg 866.2 479.2 1074.9 530.9 0.9098 0
34GJ7308-20190615-104509.jpg 346.8 294.9 437.3 317.0 0.9377 0
34GJ7308-20190615-104510.jpg 346.7 294.0 437.4 315.7 0.9574 0
34GJ7308-20190615-104524.jpg 347.5 293.9 437.4 315.7 0.9572 0
34GJ7308-20190615-104526.jpg 347.3 293.8 437.5 315.6 0.9560 0
34GJ7308-20190615-104531.jpg 348.5 293.9 438.1 315.6 0.9587 0
34GJ7308-20190615-104547.jpg 346.0 291.7 439.0 316.5 0.9578 0
34GJ7308-20190615-104555.jpg 345.8 291.9 438.5 316.6 0.9581 0
34GJ7308-20190615-104559.jpg 345.4 291.9 438.3 316.6 0.9580 0
34GJ7308-20190615-104600.jpg 346.0 291.9 438.3 316.6 0.9582 0
34GJ7308-20190615-104607.jpg 346.0 292.1 438.3 316.6 0.9565 0
34GJ7308-20190615-104619.jpg 345.8 292.1 438.5 316.7 0.9568 0
34GJ7308-20190615-104623.jpg 345.8 292.0 438.7 317.0 0.9564 0
34GJ7308-20190615-104634.jpg 345.8 292.2 438.5 317.0 0.9577 0
34GJ7308-20190615-104638.jpg 345.9 292.1 438.6 316.9 0.9574 0
34GJ7308-20190615-104649.jpg 345.5 292.3 438.6 317.3 0.9589 0
34GJ7308-20190615-104656.jpg 345.9 292.3 438.5 317.2 0.9584 0
34GJ7308-20190615-104658.jpg 345.1 292.1 439.1 317.4 0.9597 0
34GJ7308-20190615-104701.jpg 345.4 292.3 438.5 317.3 0.9559 0
34GJ7308-20190615-104704.jpg 346.1 292.4 438.5 317.2 0.9580 0
34GJ7308-20190615-104709.jpg 345.4 292.2 438.7 317.3 0.9585 0
34GJ7308-20190615-104713.jpg 345.7 292.2 438.6 317.4 0.9580 0
34GJ7308-20190615-104714.jpg 345.6 292.3 438.4 317.2 0.9591 0
34GJ7308-20190615-104717.jpg 345.5 292.3 438.4 317.5 0.9578 0
34GJ7308-20190615-104719.jpg 345.7 292.4 438.4 317.3 0.9574 0
34GJ7308-20190615-104723.jpg 345.4 292.4 438.4 317.3 0.9572 0
34GJ7308-20190615-104724.jpg 345.7 292.4 438.5 317.3 0.9570 0
34GJ7308-20190615-104725.jpg 345.5 292.4 438.4 317.3 0.9573 0
34GJ7308-20190615-104726.jpg 345.2 292.4 439.3 317.7 0.9585 0
34GJ7308-20190615-104727.jpg 345.2 292.3 439.3 317.7 0.9586 0
34GJ7308-20190615-104732.jpg 345.2 292.3 438.6 317.4 0.9579 0
34GJ7308-20190615-104735.jpg 345.6 292.5 438.9 317.4 0.9521 0
34GJ7308-20190615-104736.jpg 346.5 292.4 438.4 316.9 0.9477 0
34GJ7308-20190615-104738.jpg 347.8 292.6 438.8 316.2 0.9296 0
34GJ7308-20190615-104744.jpg 347.6 294.2 437.3 316.0 0.9503 0
34GJ7308-20190615-104746.jpg 348.1 294.5 437.4 316.0 0.9539 0
34GJ7308-20190615-104751.jpg 348.4 294.4 437.5 316.1 0.9554 0
34GJ7308-20190615-104800.jpg 347.8 294.2 437.8 316.0 0.9548 0
34GJ7308-20190615-104802.jpg 348.0 294.3 437.5 315.9 0.9564 0
34GJ7308-20190615-104804.jpg 348.7 294.3 437.7 316.0 0.9570 0
34GJ7308-20190615-104806.jpg 348.2 294.3 437.5 316.0 0.9566 0
34GJ7308-20190615-104819.jpg 348.5 294.3 437.7 316.0 0.9563 0
34GJ7308-20190615-104826.jpg 347.9 292.3 438.2 315.8 0.9224 0
34GJ7308-20190615-104830.jpg 347.8 292.6 438.0 315.7 0.9231 0
34GJ7308-20190615-104832.jpg 347.8 293.7 438.0 315.7 0.9411 0
34GJ7308-20190615-104833.jpg 347.9 293.7 437.9 315.7 0.9404 0
34GJ7308-20190615-104838.jpg 348.4 294.1 438.0 315.9 0.9529 0
34GJ7308-20190615-104849.jpg 346.8 292.4 438.9 317.0 0.9455 0
34GJ7308-20190615-104854.jpg 346.9 292.3 438.3 316.5 0.9393 0
34GJ7308-20190615-104858.jpg 348.0 292.7 438.4 315.4 0.9216 0
34GJ7308-20190615-104900.jpg 348.1 293.4 438.2 315.6 0.9368 0
34GJ7308-20190615-104903.jpg 348.2 294.1 437.3 315.8 0.9476 0
34GJ7308-20190615-104910.jpg 348.9 293.2 437.8 315.3 0.9284 0
34GJ7308-20190615-104913.jpg 348.1 293.5 438.2 315.7 0.9360 0
34GJ7308-20190615-104925.jpg 349.0 294.0 437.5 315.6 0.9484 0
34GJ7308-20190615-104927.jpg 349.0 293.6 437.8 315.5 0.9370 0
34GJ7308-20190615-104928.jpg 348.8 293.3 437.9 315.4 0.9280 0
34GJ7308-20190615-104930.jpg 349.0 292.9 438.0 315.3 0.9190 0
34GJ7308-20190615-104931.jpg 348.4 292.4 438.0 315.3 0.9171 0
34GJ7308-20190615-104936.jpg 348.5 292.2 438.2 315.2 0.9168 0
34GJ7308-20190615-104940.jpg 347.0 292.0 438.2 316.6 0.9462 0
34GJ7308-20190615-104945.jpg 346.3 292.0 438.9 317.1 0.9553 0
34GJ7308-20190615-104946.jpg 346.1 292.0 438.3 316.9 0.9566 0
34GJ7308-20190615-104952.jpg 346.2 292.0 438.3 316.8 0.9559 0
34GJ7308-20190615-104957.jpg 346.0 292.1 438.2 316.8 0.9563 0
34GJ7308-20190615-105000.jpg 346.2 292.1 438.8 316.9 0.9558 0
34GJ7308-20190615-105004.jpg 346.3 292.0 438.8 317.0 0.9568 0
34GJ7308-20190615-105005.jpg 346.3 292.0 438.8 317.0 0.9563 0
34GJ7308-20190615-105009.jpg 345.9 292.0 438.4 316.9 0.9575 0
34GJ7308-20190615-105012.jpg 345.8 292.2 439.0 317.2 0.9579 0
34GJ7308-20190615-105015.jpg 345.9 292.0 438.4 317.0 0.9578 0
34GJ7308-20190615-105019.jpg 345.7 292.1 438.2 317.1 0.9562 0
34GJ7308-20190615-105023.jpg 347.2 292.2 438.4 315.8 0.9239 0
34GJ7308-20190615-105025.jpg 347.9 293.7 437.9 315.6 0.9466 0
34GJ7308-20190615-105026.jpg 348.0 293.9 437.5 315.6 0.9536 0
34GJ7308-20190615-105029.jpg 348.0 294.0 437.8 315.8 0.9540 0
34GJ7308-20190615-105032.jpg 348.0 293.9 437.9 315.7 0.9558 0
34GJ7308-20190615-105034.jpg 347.6 294.0 437.5 315.8 0.9524 0
34GJ7308-20190615-105035.jpg 347.6 294.0 437.5 315.8 0.9523 0
34GJ7308-20190615-105037.jpg 347.7 294.0 437.9 315.8 0.9554 0
34GJ7308-20190615-105038.jpg 347.7 294.0 437.9 315.8 0.9554 0
34GJ7308-20190615-105039.jpg 347.9 293.8 438.0 315.7 0.9552 0
34GJ7308-20190615-105041.jpg 347.8 294.0 437.6 315.7 0.9548 0
34GJ7308-20190615-105043.jpg 348.0 294.0 437.5 315.7 0.9540 0
34GJ7308-20190615-105044.jpg 347.9 293.8 437.6 315.7 0.9544 0
34GJ7308-20190615-105048.jpg 348.4 294.1 437.8 315.7 0.9533 0
34GJ7308-20190615-105050.jpg 348.4 294.1 437.8 315.8 0.9550 0
34GJ7308-20190615-105053.jpg 348.4 294.1 437.8 315.7 0.9548 0
34GJ7308-20190615-105054.jpg 348.3 294.0 437.8 315.7 0.9540 0
34GJ7308-20190615-105056.jpg 347.1 293.8 438.1 315.8 0.9549 0
34GJ7308-20190615-105057.jpg 347.3 293.8 437.8 315.7 0.9552 0
34GJ7308-20190615-105059.jpg 348.1 293.9 437.8 315.7 0.9549 0
34GJ7308-20190615-105100.jpg 347.8 293.9 437.8 315.7 0.9550 0
34GJ7308-20190615-105102.jpg 347.8 294.0 437.5 315.8 0.9528 0
34GJ7308-20190615-105103.jpg 347.8 294.0 437.5 315.8 0.9531 0
34GJ7308-20190615-105107.jpg 348.3 293.8 437.8 315.6 0.9554 0
34GJ7308-20190615-105110.jpg 349.3 294.2 439.4 315.8 0.9579 0
34GJ7308-20190615-105117.jpg 366.2 298.2 459.7 320.7 0.9587 0
34GJ7308-20190615-105502.jpg 891.2 258.7 971.2 281.8 0.9186 0
34GJ7308-20190615-192122.jpg 279.6 303.2 371.3 325.1 0.9406 0
34GJ7308-20190615-192124.jpg 287.0 300.0 379.4 322.1 0.9465 0
34GJ7308-20190615-192128.jpg 287.1 299.8 379.7 321.9 0.9443 0
34GJ7308-20190615-192134.jpg 286.7 299.6 380.0 322.0 0.9470 0
34GJ7308-20190615-192138.jpg 287.0 299.8 379.8 321.8 0.9451 0
34GJ7308-20190615-192142.jpg 286.9 299.7 379.9 322.0 0.9462 0
34GJ7308-20190615-192144.jpg 287.0 299.7 379.8 322.0 0.9443 0
34GJ7308-20190615-192145.jpg 287.0 299.7 379.6 321.7 0.9434 0
34GJL38-20190615-112203.jpg 464.2 290.4 553.2 315.1 0.9289 0
34GJL38-20190615-172427.jpg 497.8 302.5 595.2 326.8 0.8274 0
34GL3722-20190615-090659.jpg 834.1 391.1 997.9 435.1 0.9374 0
34GL3722-20190615-125540.jpg 664.9 319.2 775.8 348.3 0.9415 0
34GN0070-20190615-211847.jpg 569.9 336.9 704.7 372.1 0.9402 0
34GTP38-20190615-084941.jpg 613.6 319.8 715.1 344.4 0.9316 0
34GZ7964-20190615-181821.jpg 482.2 291.9 568.4 314.6 0.9070 0
34GZ7964-20190615-181822.jpg 562.1 325.0 666.0 351.7 0.9251 0
34GZ7964-20190615-181823.jpg 687.4 388.0 822.0 422.2 0.9385 0
34H04883-20190615-161641.jpg 271.1 301.5 362.6 324.7 0.9334 0
34H04883-20190615-161643.jpg 274.0 299.7 365.7 323.7 0.8647 0
34H04883-20190615-161644.jpg 274.3 300.2 365.2 324.0 0.8527 0
34H04883-20190615-161645.jpg 274.3 300.1 365.2 324.0 0.8206 0
34H04883-20190615-161648.jpg 274.2 300.1 365.7 323.9 0.7279 0
34H04883-20190615-161648.jpg 274.0 299.8 365.6 323.8 0.5164 0
34H04883-20190615-161651.jpg 274.3 300.2 365.7 324.0 0.8499 0
34H04883-20190615-161655.jpg 274.3 300.1 365.5 323.9 0.8577 0
34H04883-20190615-161700.jpg 274.5 300.1 365.3 323.9 0.7186 0
34H04883-20190615-161700.jpg 274.3 299.8 365.2 323.7 0.5166 0
34H04883-20190615-161701.jpg 274.5 300.1 365.4 324.0 0.7711 0
34H04883-20190615-161702.jpg 274.3 300.1 365.2 323.9 0.7659 0
34H04883-20190615-161707.jpg 274.3 300.1 365.3 323.9 0.7965 0
34H04883-20190615-161710.jpg 274.4 300.1 365.5 323.9 0.7843 0
34H04883-20190615-161711.jpg 274.3 300.0 365.5 324.0 0.7635 0
34H04883-20190615-161712.jpg 274.7 300.1 365.6 324.1 0.8685 0
34H04883-20190615-161717.jpg 274.5 300.3 365.5 324.0 0.8942 0
34H04883-20190615-161722.jpg 274.2 300.0 365.7 323.9 0.7151 0
34H04883-20190615-161722.jpg 274.0 299.8 365.6 323.8 0.5355 0
34H04883-20190615-161728.jpg 274.2 300.2 366.0 324.1 0.8448 0
34H04883-20190615-161728.jpg 973.6 347.8 1109.6 383.5 0.5303 0
34H04883-20190615-161740.jpg 273.5 299.0 364.7 322.8 0.9385 0
34H04883-20190615-161742.jpg 273.1 298.8 364.4 322.8 0.9443 0
34H04883-20190615-161744.jpg 273.5 298.8 365.0 322.8 0.9409 0
34H04883-20190615-161745.jpg 273.0 298.7 364.4 322.8 0.9379 0
34H04883-20190615-161748.jpg 273.0 298.8 364.4 322.7 0.9359 0
34H04883-20190615-161752.jpg 273.4 299.0 364.4 322.7 0.9386 0
34H04883-20190615-161754.jpg 273.9 299.5 365.1 323.1 0.9342 0
34H04883-20190615-161755.jpg 274.4 300.2 365.4 323.8 0.6846 0
34H04883-20190615-161755.jpg 274.2 299.9 365.3 323.6 0.5674 0
34H04883-20190615-161756.jpg 274.1 299.8 365.7 323.8 0.6403 0
34H04883-20190615-161756.jpg 274.2 300.0 365.8 324.0 0.6310 0
34H04883-20190615-161759.jpg 274.2 300.3 365.3 324.1 0.8435 0
34H04883-20190615-161800.jpg 273.8 299.9 365.5 323.7 0.7215 0
34H04883-20190615-161800.jpg 273.9 300.1 365.5 323.9 0.5473 0
34H04883-20190615-161806.jpg 273.9 299.8 365.6 323.9 0.6518 0
34H04883-20190615-161806.jpg 274.0 300.0 365.6 324.1 0.6120 0
34H04883-20190615-161808.jpg 273.4 300.0 366.0 323.8 0.6123 0
34H04883-20190615-161808.jpg 273.4 300.1 366.0 324.0 0.6107 0
34H04883-20190615-161809.jpg 273.5 299.7 365.8 323.8 0.8917 0
34H04883-20190615-161809.jpg 1020.2 432.4 1215.3 483.2 0.7688 0
34H04883-20190615-161810.jpg 274.0 299.7 365.6 323.6 0.9042 0
34H04883-20190615-161813.jpg 273.9 299.7 365.5 323.8 0.7530 0
34H04883-20190615-161813.jpg 274.0 300.0 365.4 323.9 0.5601 0
34H04883-20190615-161815.jpg 274.0 300.0 365.9 324.1 0.7798 0
34H04883-20190615-161816.jpg 273.7 300.2 366.0 324.2 0.8703 0
34H04883-20190615-161818.jpg 274.3 300.2 365.5 324.0 0.8437 0
34H04883-20190615-161823.jpg 273.9 299.7 365.3 323.5 0.9172 0
34H04883-20190615-161831.jpg 274.0 299.7 365.7 323.6 0.8804 0
34H04883-20190615-161835.jpg 274.2 299.7 365.5 323.5 0.8717 0
34H04883-20190615-161838.jpg 274.1 299.8 365.5 323.5 0.9032 0
34H04883-20190615-161839.jpg 274.2 299.8 365.5 323.5 0.9126 0
34H04883-20190615-161840.jpg 274.2 299.7 365.4 323.4 0.9280 0
34H04883-20190615-161845.jpg 274.3 299.6 365.3 323.1 0.9260 0
34H04883-20190615-161847.jpg 274.2 299.7 365.2 323.6 0.8746 0
34H04883-20190615-161852.jpg 274.1 299.7 365.5 323.5 0.9138 0
34H04883-20190615-161856.jpg 311.5 284.1 395.6 305.9 0.9036 0
34H04883-20190615-161859.jpg 368.2 273.8 445.9 296.1 0.8861 0
34H04883-20190615-161900.jpg 368.7 274.4 446.7 296.6 0.8719 0
34H04883-20190615-161903.jpg 775.6 265.3 847.6 287.5 0.8874 0
34H04883-20190615-162456.jpg 608.8 278.7 688.4 299.9 0.9060 0
34H04883-20190615-162458.jpg 528.6 299.8 624.7 325.0 0.9209 0
34H04883-20190615-162459.jpg 528.7 301.5 625.5 326.3 0.9258 0
34H04883-20190615-162500.jpg 528.6 299.5 625.2 325.1 0.9260 0
34H04883-20190615-162501.jpg 528.6 299.6 625.0 325.0 0.9229 0
34H04883-20190615-162502.jpg 528.4 299.7 624.7 325.1 0.9213 0
34H04883-20190615-162503.jpg 528.5 299.8 624.7 325.1 0.9203 0
34H04883-20190615-162506.jpg 528.5 299.8 624.9 325.2 0.9217 0
34H04883-20190615-162508.jpg 528.6 299.8 624.9 325.2 0.9210 0
34H04883-20190615-162511.jpg 530.1 304.0 630.7 329.7 0.9215 0
34H0883-20190615-161744.jpg 273.4 298.8 364.9 322.8 0.9432 0
34H0883-20190615-161859.jpg 368.7 274.4 446.5 296.5 0.8814 0
34H0883-20190615-161900.jpg 368.5 274.3 446.6 296.6 0.7679 0
34H0883-20190615-164111.jpg 653.9 389.1 789.0 422.2 0.9252 0
34H2540-20190615-113924.jpg 972.2 294.7 1058.9 319.9 0.8609 0
34H2540-20190615-113924.jpg 351.9 289.0 443.8 313.0 0.8486 0
34H2601-20190615-193305.jpg 353.7 289.8 449.1 313.4 0.9487 0
34H2640-20190615-113942.jpg 489.6 312.1 607.2 342.8 0.6729 0
34H2640-20190615-113943.jpg 707.1 382.3 869.2 423.5 0.9193 0
34H2640-20190615-133910.jpg 723.1 356.6 866.6 393.8 0.9400 0
34H2640-20190615-154505.jpg 384.7 281.4 470.1 303.0 0.9268 0
34H2640-20190615-154512.jpg 484.0 319.9 603.9 349.4 0.9187 0
34H2640-20190615-154513.jpg 878.9 421.7 1056.6 467.6 0.9290 0
34H2640-20190615-193306.jpg 352.7 286.8 447.4 310.5 0.9547 0
34H2640-20190615-193309.jpg 586.9 360.0 732.4 396.5 0.9510 0
34H26401-20190615-113942.jpg 582.6 351.6 719.8 387.2 0.9287 0
34H5887-20190615-112820.jpg 515.5 292.7 598.7 315.5 0.8987 0
34H5887-20190615-112824.jpg 641.5 343.2 760.1 374.9 0.9402 0
34H8327-20190615-084626.jpg 810.3 212.8 881.7 235.7 0.9174 0
34H8327-20190615-112742.jpg 561.5 279.2 646.5 303.2 0.8898 0
34HB8537-20190615-212059.jpg 600.5 317.9 717.1 347.2 0.9527 0
34HBH29-20190615-093923.jpg 591.4 308.7 694.0 333.8 0.9428 0
34HBH29-20190615-093924.jpg 880.4 403.5 1036.8 443.0 0.9213 0
34HBH29-20190615-191846.jpg 560.6 309.2 666.5 337.0 0.9197 0
34HD4883-20190615-161642.jpg 273.3 300.4 364.9 324.2 0.9527 0
34HD4883-20190615-161644.jpg 274.1 299.7 365.6 323.7 0.8393 0
34HD4883-20190615-161645.jpg 274.3 300.1 365.2 323.9 0.8236 0
34HD4883-20190615-161648.jpg 274.2 300.1 365.6 323.9 0.7239 0
34HD4883-20190615-161648.jpg 274.0 299.9 365.6 323.8 0.5256 0
34HD4883-20190615-161650.jpg 274.3 300.1 365.9 323.9 0.7923 0
34HD4883-20190615-161655.jpg 274.3 300.1 365.4 323.9 0.8525 0
34HD4883-20190615-161702.jpg 274.3 300.1 365.2 323.9 0.7883 0
34HD4883-20190615-161710.jpg 274.4 300.1 365.4 323.9 0.7423 0
34HD4883-20190615-161712.jpg 274.7 300.1 365.6 324.1 0.8612 0
34HD4883-20190615-161739.jpg 273.7 299.1 364.7 322.9 0.9344 0
34HD4883-20190615-161742.jpg 273.2 298.8 364.4 322.8 0.9410 0
34HD4883-20190615-161743.jpg 273.0 298.8 364.3 322.7 0.9418 0
34HD4883-20190615-161747.jpg 273.1 298.8 364.4 322.7 0.9382 0
34HD4883-20190615-161750.jpg 273.0 298.7 364.9 322.8 0.9425 0
34HD4883-20190615-161756.jpg 274.1 299.8 365.6 323.7 0.6964 0
34HD4883-20190615-161756.jpg 274.2 300.0 365.7 323.9 0.5864 0
34HD4883-20190615-161807.jpg 273.4 299.9 365.9 323.8 0.7101 0
34HD4883-20190615-161807.jpg 273.4 300.1 365.9 324.0 0.5042 0
34HD4883-20190615-161812.jpg 273.9 299.7 365.5 323.7 0.7281 0
34HD4883-20190615-161812.jpg 274.1 300.0 365.5 323.9 0.5773 0
34HD4883-20190615-161830.jpg 274.0 299.7 365.6 323.6 0.8848 0
34HD4883-20190615-161838.jpg 274.1 299.7 365.5 323.5 0.9114 0
34HD4883-20190615-161839.jpg 274.2 299.8 365.5 323.5 0.9127 0
34HD4883-20190615-161840.jpg 274.2 299.7 365.4 323.5 0.9010 0
34HD4883-20190615-161855.jpg 274.4 301.6 365.5 324.9 0.9198 0
34HD4883-20190615-161857.jpg 344.2 281.0 424.5 302.7 0.9311 0
34HD4883-20190615-161859.jpg 368.7 274.3 446.7 296.4 0.8872 0
34HD4883-20190615-161902.jpg 763.3 260.3 830.7 283.2 0.8528 0
34HD4883-20190615-161903.jpg 781.2 274.2 859.2 296.9 0.8881 0
34HD4883-20190615-162457.jpg 537.1 289.7 626.0 312.6 0.9141 0
34HD4883-20190615-162458.jpg 528.6 300.6 625.7 325.6 0.9190 0
34HD4883-20190615-162459.jpg 528.1 299.3 624.8 324.9 0.9256 0
34HD4883-20190615-162509.jpg 528.6 300.0 625.0 325.2 0.9212 0
34HD4883-20190615-162510.jpg 528.0 299.3 626.6 325.3 0.9305 0
34HD4883-20190615-162511.jpg 549.6 314.5 661.4 342.6 0.9431 0
34HD4883-20190615-164108.jpg 898.6 232.1 970.8 254.4 0.7172 0
34HD4893-20190615-161903.jpg 781.1 270.7 857.7 293.5 0.8952 0
34HD7138-20190615-191220.jpg 432.1 314.5 535.3 343.5 0.9330 0
34HD883-20190615-161640.jpg 259.7 274.9 339.2 296.5 0.8905 0
34HDB83-20190615-161643.jpg 273.9 299.7 365.7 323.6 0.9101 0
34HDB83-20190615-161720.jpg 274.3 300.0 365.3 323.9 0.7352 0
34HE6572-20190615-171803.jpg 573.9 279.6 642.4 301.1 0.8241 0
34HE8572-20190615-011008.jpg 655.2 317.0 764.4 343.7 0.9397 0
34HE8572-20190615-135732.jpg 582.4 323.9 688.3 351.8 0.9288 0
34HE8672-20190615-011008.jpg 659.9 319.9 778.2 348.5 0.9539 0
34HE8672-20190615-135733.jpg 715.0 369.0 843.3 402.7 0.9501 0
34HE8672-20190615-152355.jpg 561.3 325.4 672.1 353.7 0.9337 0
34HE8672-20190615-171148.jpg 803.0 211.1 868.0 231.9 0.9074 0
34HE8672-20190615-171803.jpg 593.1 291.6 673.1 313.7 0.9008 0
34HEB572-20190615-152354.jpg 462.2 290.9 551.9 315.6 0.9248 0
34HEB672-20190615-011007.jpg 652.7 304.5 752.5 330.2 0.9396 0
34HEB672-20190615-171147.jpg 858.1 214.7 926.7 236.9 0.9054 0
34HF003-20190615-114506.jpg 937.9 480.7 1148.0 537.3 0.9361 0
34HF3394-20190615-154126.jpg 853.3 279.0 931.0 300.8 0.9215 0
34HF3394-20190615-175605.jpg 588.1 309.6 678.4 333.1 0.9097 0
34HF3394-20190615-232858.jpg 676.7 315.5 780.6 342.9 0.9443 0
34HFD031-20190615-114505.jpg 604.4 361.9 740.0 397.8 0.9092 0
34HFO031-20190615-114505.jpg 659.0 387.2 806.0 426.2 0.8962 0
34HH488-20190615-173513.jpg 450.7 318.2 562.7 346.1 0.9308 0
34HH4884-20190615-173513.jpg 446.3 321.7 557.9 348.8 0.9382 0
34HH4884-20190615-173514.jpg 493.8 334.6 613.9 364.0 0.9361 0
34HH7200-20190615-131114.jpg 857.8 392.9 1005.9 432.8 0.9405 0
34HH7200-20190615-211235.jpg 532.7 308.0 637.7 336.0 0.9426 0
34HL053-20190615-133825.jpg 624.9 323.4 736.1 353.9 0.9397 0
34HL053-20190615-191443.jpg 582.3 337.1 703.0 369.6 0.9435 0
34HL0958-20190615-083609.jpg 629.8 320.8 738.3 346.4 0.9437 0
34HL0958-20190615-175615.jpg 534.7 297.7 630.3 321.3 0.8870 0
34HL0958-20190615-175616.jpg 753.6 377.1 891.2 409.9 0.9434 0
34HL0958-20190615-185757.jpg 846.4 315.2 952.9 340.4 0.5276 0
34HL0958-20190615-194546.jpg 472.4 291.4 563.0 313.9 0.9019 0
34HL0958-20190615-194548.jpg 840.5 408.1 1003.2 445.3 0.9321 0
34HL120-20190615-021541.jpg 884.6 451.1 1100.9 511.7 0.9389 0
34HL1200-20190615-021540.jpg 612.2 325.9 748.9 363.4 0.9407 0
34HL2563-20190615-135117.jpg 461.4 272.8 548.1 301.0 0.9183 0
34HL2563-20190615-135120.jpg 546.1 299.1 651.8 326.2 0.9100 0
34HL2563-20190615-135121.jpg 573.4 309.4 684.0 336.6 0.7071 0
34HL2653-20190615-135119.jpg 523.2 292.4 624.6 319.2 0.8873 0
34HL2663-20190615-135118.jpg 475.9 276.1 568.7 305.9 0.9165 0
34HL2663-20190615-135119.jpg 511.2 288.7 610.0 317.7 0.9267 0
34HL2663-20190615-135120.jpg 539.5 297.3 644.3 324.2 0.9161 0
34HL2663-20190615-135121.jpg 555.6 303.7 662.8 330.8 0.9296 0
34HL2663-20190615-135122.jpg 589.9 315.7 703.6 344.1 0.9178 0
34HLH24-20190615-141311.jpg 547.8 279.0 627.6 301.0 0.9050 0
34HLH24-20190615-141319.jpg 547.9 279.7 627.8 301.8 0.7576 0
34HLH24-20190615-141336.jpg 547.5 279.5 627.5 301.3 0.9130 0
34HLH24-20190615-141347.jpg 547.6 279.4 627.8 301.5 0.9093 0
34HLH24-20190615-141354.jpg 561.3 291.8 649.2 314.0 0.9195 0
34HLH24-20190615-141356.jpg 573.8 294.1 665.4 317.1 0.9186 0
34HLH24-20190615-141357.jpg 589.8 298.3 684.7 322.2 0.9401 0
34HLH24-20190615-141358.jpg 597.1 298.9 694.3 323.1 0.8966 0
34HLO95-20190615-194548.jpg 941.1 441.7 1123.4 483.7 0.9286 0
34HLO958-20190615-083608.jpg 568.5 301.6 665.3 324.4 0.8139 0
34HLO958-20190615-083609.jpg 813.5 398.6 971.9 435.1 0.9205 0
34HLO958-20190615-175615.jpg 507.1 289.5 598.0 312.1 0.8867 0
34HLO958-20190615-175616.jpg 912.8 425.6 1088.4 466.5 0.9286 0
34HLO958-20190615-185756.jpg 790.6 290.0 878.9 311.3 0.9019 0
34HLO958-20190615-185757.jpg 806.7 296.5 899.1 318.9 0.9048 0
34HLO958-20190615-185758.jpg 867.4 330.3 983.4 357.5 0.8986 0
34HLO958-20190615-194546.jpg 449.1 287.8 535.3 309.2 0.8999 0
34HLO958-20190615-194547.jpg 565.3 323.6 673.8 348.9 0.9350 0
34HLZ663-20190615-135119.jpg 505.4 286.6 602.7 316.6 0.9267 0
34HN4884-20190615-173513.jpg 461.6 324.2 577.3 352.9 0.9247 0
34HN4884-20190615-173515.jpg 578.4 367.5 717.7 402.3 0.9363 0
34HN5887-20190615-112824.jpg 613.5 326.7 727.4 358.0 0.9408 0
34HN5887-20190615-112825.jpg 706.3 368.9 838.9 404.9 0.9549 0
34HNB84-20190615-173515.jpg 552.3 360.0 686.5 393.9 0.9219 0
34HO4883-20190615-161659.jpg 274.4 300.0 365.3 323.9 0.6706 0
34HO4883-20190615-161659.jpg 274.3 299.8 365.3 323.7 0.6015 0
34HO4883-20190615-161701.jpg 274.5 300.1 365.4 324.0 0.7805 0
34HO4883-20190615-161706.jpg 274.6 300.1 365.5 324.0 0.8039 0
34HO4883-20190615-161709.jpg 274.4 300.1 365.4 323.9 0.8159 0
34HO4883-20190615-161710.jpg 274.4 300.1 365.5 324.0 0.7745 0
34HO4883-20190615-161716.jpg 274.3 300.3 365.7 324.1 0.8555 0
34HO4883-20190615-161727.jpg 943.5 292.7 1031.3 318.0 0.8628 0
34HO4883-20190615-161727.jpg 273.8 300.3 366.1 324.3 0.8566 0
34HO4883-20190615-161753.jpg 273.4 298.9 364.6 322.8 0.9391 0
34HO4883-20190615-161755.jpg 274.4 300.2 365.3 323.8 0.7425 0
34HO4883-20190615-161759.jpg 274.1 300.3 365.6 324.1 0.8571 0
34HO4883-20190615-161800.jpg 274.2 300.3 365.3 324.1 0.8415 0
34HO4883-20190615-161810.jpg 273.7 299.7 365.6 323.7 0.9036 0
34HO4883-20190615-161814.jpg 274.1 300.0 365.8 324.1 0.7521 0
34HO4883-20190615-161844.jpg 274.3 299.5 365.3 323.2 0.9273 0
34HO4883-20190615-161846.jpg 274.3 299.6 365.4 323.3 0.9260 0
34HO4883-20190615-161852.jpg 274.2 299.7 365.5 323.5 0.9048 0
34HO4883-20190615-161856.jpg 299.0 287.9 384.1 310.0 0.9129 0
34HO4883-20190615-162456.jpg 556.5 285.6 642.3 307.8 0.9235 0
34HO4883-20190615-162500.jpg 528.6 299.6 625.0 325.1 0.9250 0
34HO4883-20190615-162501.jpg 528.6 299.5 625.0 325.0 0.9233 0
34HO4883-20190615-162502.jpg 528.4 299.8 624.7 325.1 0.9213 0
34HO4883-20190615-162503.jpg 528.5 299.8 624.7 325.1 0.9210 0
34HO4883-20190615-162506.jpg 528.5 299.8 624.9 325.2 0.9212 0
34HO4883-20190615-162508.jpg 528.5 299.8 624.9 325.2 0.9226 0
34HO667-20190615-201558.jpg 886.2 267.1 964.2 289.5 0.9384 0
34HO883-20190615-161817.jpg 274.1 300.4 365.5 324.2 0.9231 0
34HO883-20190615-164107.jpg 912.9 232.5 984.3 256.3 0.8860 0
34HO883-20190615-164112.jpg 826.4 451.0 999.3 493.4 0.9434 0
34HOB83-20190615-162510.jpg 528.6 298.3 625.2 323.3 0.9403 0
34HQ4883-20190615-161805.jpg 274.0 299.7 365.5 323.8 0.7727 0
34HQ4883-20190615-161807.jpg 273.4 300.2 366.0 324.1 0.6673 0
34HQ4883-20190615-161810.jpg 273.9 299.7 365.5 323.6 0.9309 0
34HQ4883-20190615-161822.jpg 273.9 299.7 365.3 323.6 0.9199 0
34HQ4883-20190615-161835.jpg 274.2 299.8 365.5 323.6 0.8320 0
34HQ4883-20190615-162503.jpg 528.5 299.8 624.8 325.1 0.9203 0
34HS5526-20190615-111031.jpg 488.9 290.4 590.4 314.2 0.9541 0
34HS5526-20190615-111032.jpg 488.9 290.3 590.2 314.1 0.9541 0
34HS5526-20190615-111033.jpg 489.0 290.4 590.4 314.1 0.9549 0
34HS5526-20190615-111041.jpg 488.8 289.3 588.9 313.0 0.9520 0
34HS5526-20190615-111045.jpg 489.1 291.7 591.3 315.9 0.9547 0
34HS5526-20190615-111046.jpg 498.5 297.5 607.4 323.4 0.9505 0
34HS5625-20190615-111030.jpg 488.9 290.5 590.5 314.1 0.9548 0
34HS5625-20190615-111042.jpg 488.7 289.6 589.7 313.4 0.9546 0
34HS5626-20190615-111023.jpg 487.5 293.9 588.7 317.8 0.9475 0
34HS5626-20190615-111030.jpg 489.0 290.5 590.5 314.1 0.9555 0
34HS5626-20190615-111032.jpg 489.0 290.3 590.4 314.2 0.9501 0
34HS5626-20190615-111033.jpg 489.1 290.4 590.4 314.0 0.9540 0
34HS5626-20190615-111038.jpg 488.7 290.6 590.5 314.3 0.9543 0
34HS5626-20190615-111041.jpg 488.6 289.3 588.9 313.1 0.9526 0
34HS5626-20190615-111042.jpg 488.7 290.1 590.2 313.9 0.9550 0
34HS5626-20190615-111044.jpg 489.0 291.7 591.3 315.9 0.9546 0
34HS5626-20190615-111046.jpg 501.6 300.2 611.4 326.3 0.9508 0
34HT524-20190615-130608.jpg 652.6 330.3 772.3 364.3 0.9352 0
34HT5249-20190615-130606.jpg 528.3 310.4 634.9 340.1 0.9071 0
34HT529-20190615-130606.jpg 478.3 292.5 577.2 321.9 0.9200 0
34HU0757-20190615-201935.jpg 571.7 326.5 693.0 357.5 0.9536 0
34HV8791-20190615-155359.jpg 449.7 312.5 551.7 338.1 0.9289 0
34HVB791-20190615-012540.jpg 536.0 366.1 688.7 407.6 0.9436 0
34HVM62-20190615-143504.jpg 601.2 341.6 728.7 374.4 0.9521 0
34HY8327-20190615-112743.jpg 620.8 302.0 721.3 329.9 0.9225 0
34HY8327-20190615-152511.jpg 644.3 300.0 743.5 327.4 0.9002 0
34HY8327-20190615-230836.jpg 816.4 383.9 975.6 423.9 0.9156 0
34HYB327-20190615-152510.jpg 591.9 286.0 681.2 311.0 0.8897 0
34HYB327-20190615-152513.jpg 922.9 381.1 1072.4 421.9 0.7027 0
34HZ0474-20190615-161911.jpg 630.3 348.1 761.3 380.7 0.9330 0
34HZ2358-20190615-200911.jpg 457.3 293.0 556.5 322.0 0.9458 0
34HZ327-20190615-092932.jpg 738.8 368.9 879.1 405.0 0.9325 0
34HZ327-20190615-142230.jpg 594.4 345.8 722.7 378.0 0.9507 0
34HZ3271-20190615-092931.jpg 604.8 313.9 711.0 341.8 0.9418 0
34HZ3271-20190615-095324.jpg 646.5 314.7 755.1 343.0 0.9411 0
34HZ3271-20190615-142230.jpg 567.8 317.9 684.7 347.9 0.9533 0
34HZ3271-20190615-173614.jpg 563.6 308.8 664.8 335.7 0.9170 0
34HZ3271-20190615-195433.jpg 626.9 316.9 739.3 346.5 0.9419 0
34HZ640-20190615-154513.jpg 776.1 395.4 939.5 437.9 0.9264 0
34HZO474-20190615-161906.jpg 697.2 308.3 797.7 334.6 0.9103 0
34IBC716-20190615-004840.jpg 699.8 380.9 851.5 418.1 0.9510 0
34IIH884-20190615-173511.jpg 344.3 297.0 441.5 321.8 0.9405 0
34IIM88-20190615-173442.jpg 330.4 288.5 422.5 311.5 0.9185 0
34IIN88-20190615-173446.jpg 330.2 288.5 422.1 311.5 0.9182 0
34IP9055-20190615-205550.jpg 760.9 289.8 857.9 314.2 0.9327 0
34IS5526-20190615-111045.jpg 489.1 291.7 591.3 315.9 0.9541 0
34IS5625-20190615-111043.jpg 488.9 291.8 591.4 316.0 0.9539 0
34IS5626-20190615-111044.jpg 489.0 291.8 591.3 316.0 0.9542 0
34IT010-20190615-084843.jpg 580.1 311.9 681.9 339.8 0.9235 0
34J5590-20190615-234319.jpg 733.7 374.5 881.5 413.3 0.9346 0
34J7308-20190615-104646.jpg 345.7 292.2 438.4 317.1 0.9587 0
34J7308-20190615-104656.jpg 345.7 292.3 438.4 317.2 0.9584 0
34J8289-20190615-210431.jpg 525.9 306.8 632.8 334.0 0.9433 0
34JD952-20190615-135042.jpg 572.0 307.6 670.8 331.5 0.9355 0
34JD952-20190615-135044.jpg 774.2 370.4 909.7 403.9 0.9453 0
34JD9542-20190615-135043.jpg 668.2 330.8 778.3 357.9 0.9179 0
34JD9542-20190615-135045.jpg 793.0 382.0 931.8 415.8 0.9404 0
34JF436-20190615-214353.jpg 312.6 297.6 412.0 322.9 0.9432 0
34JF536-20190615-214401.jpg 312.6 297.6 412.1 322.9 0.9428 0
34JF635-20190615-214410.jpg 313.6 297.6 412.3 322.8 0.9418 0
34JF635-20190615-214414.jpg 313.2 297.6 412.4 322.8 0.9430 0
34JF635-20190615-214416.jpg 313.0 297.5 412.3 322.8 0.9426 0
34JF635-20190615-214417.jpg 313.1 297.6 412.3 322.8 0.9424 0
34JF636-20190615-214352.jpg 312.4 297.4 412.3 322.9 0.9436 0
34JF636-20190615-214354.jpg 312.5 297.6 412.0 322.9 0.9434 0
34JF636-20190615-214359.jpg 312.7 297.7 412.1 322.9 0.9439 0
34JF636-20190615-214401.jpg 312.6 297.6 412.0 322.9 0.9427 0
34JF636-20190615-214403.jpg 312.6 297.6 412.1 322.9 0.9430 0
34JF636-20190615-214404.jpg 312.6 297.6 412.2 322.9 0.9430 0
34JF636-20190615-214406.jpg 312.8 297.6 412.2 322.8 0.9436 0
34JF636-20190615-214408.jpg 313.2 297.6 412.3 322.8 0.9427 0
34JF636-20190615-214409.jpg 313.1 297.5 412.4 322.8 0.9429 0
34JF636-20190615-214415.jpg 312.9 297.5 412.2 322.8 0.9427 0
34JF636-20190615-214416.jpg 313.0 297.6 412.3 322.8 0.9422 0
34JF636-20190615-214418.jpg 313.0 297.5 412.3 322.7 0.9430 0
34JF636-20190615-214420.jpg 324.0 299.0 424.6 325.1 0.9400 0
34JF636-20190615-214422.jpg 388.2 303.3 495.9 330.5 0.9370 0
34JF643-20190615-214423.jpg 639.8 362.1 778.2 398.9 0.9367 0
34JF643-20190615-214424.jpg 943.0 442.0 1137.4 496.4 0.9278 0
34JF6436-20190615-214359.jpg 312.8 297.7 412.0 322.8 0.9441 0
34JF6436-20190615-214422.jpg 485.6 320.8 601.5 349.7 0.9367 0
34JF6436-20190615-214423.jpg 695.7 371.6 841.9 412.5 0.9394 0
34JFE436-20190615-214420.jpg 322.9 298.6 423.5 324.8 0.9448 0
34JH2540-20190615-154505.jpg 412.4 274.7 491.5 295.5 0.9294 0
34JK559-20190615-234319.jpg 618.2 317.9 746.6 354.4 0.9415 0
34JK559-20190615-234320.jpg 876.0 406.5 1015.2 446.3 0.9236 0
34JL130-20190615-110104.jpg 529.8 284.2 617.2 306.8 0.9012 0
34JL130-20190615-141916.jpg 514.1 282.0 601.5 304.8 0.9018 0
34JL130-20190615-141917.jpg 695.0 333.4 811.8 363.2 0.9499 0
34JL130-20190615-172006.jpg 536.4 300.1 633.5 325.0 0.9085 0
34JL130-20190615-172007.jpg 689.9 340.4 808.7 370.7 0.9405 0
34JL130-20190615-213137.jpg 423.5 290.2 521.9 316.2 0.9393 0
34JL1340-20190615-110105.jpg 784.6 373.0 922.5 409.0 0.9434 0
34JL1340-20190615-141917.jpg 740.4 347.5 862.4 379.1 0.9511 0
34JL1340-20190615-172007.jpg 733.9 354.9 859.0 386.7 0.9349 0
34JL1340-20190615-213138.jpg 640.5 368.1 786.1 404.9 0.9266 0
34JL1957-20190615-144135.jpg 546.7 297.3 642.8 322.7 0.9435 0
34JL1957-20190615-203131.jpg 900.7 412.3 1077.8 455.7 0.9477 0
34JL1967-20190615-144136.jpg 725.7 372.2 865.3 408.2 0.9262 0
34JL1967-20190615-203130.jpg 603.4 314.3 710.3 342.3 0.9356 0
34JL1988-20190615-000726.jpg 550.1 299.9 656.6 329.7 0.9491 0
34JL1988-20190615-144751.jpg 814.7 346.9 938.1 379.0 0.9393 0
34JL1988-20190615-222143.jpg 540.1 296.9 644.9 326.0 0.9528 0
34JL2324-20190615-103226.jpg 801.6 326.0 922.3 359.8 0.9149 0
34JL2324-20190615-172811.jpg 695.5 343.1 825.8 376.9 0.9198 0
34JL2377-20190615-180443.jpg 706.6 344.4 832.5 378.2 0.9394 0
34JL2377-20190615-180444.jpg 845.3 396.7 1005.6 440.3 0.9223 0
34JL2377-20190615-220523.jpg 472.2 320.0 585.1 347.9 0.9469 0
34JL323-20190615-024105.jpg 566.7 321.0 675.0 347.4 0.9361 0
34JL3230-20190615-024105.jpg 605.9 337.4 724.9 366.2 0.9344 0
34JL3230-20190615-191837.jpg 690.7 336.3 801.8 365.5 0.9410 0
34JL382-20190615-114547.jpg 608.5 337.0 709.0 361.5 0.9530 0
34JL3824-20190615-114547.jpg 880.7 471.6 1042.8 512.1 0.9013 0
34JL4540-20190615-151516.jpg 592.3 393.6 748.0 431.8 0.9291 0
34JL4540-20190615-162808.jpg 676.8 325.5 793.4 354.9 0.9036 0
34JL5091-20190615-192023.jpg 475.3 291.6 569.4 314.6 0.9153 0
34JL5091-20190615-192025.jpg 588.6 314.5 695.5 341.7 0.9233 0
34JL6091-20190615-192023.jpg 440.9 286.5 532.3 308.3 0.9250 0
34JL6091-20190615-192024.jpg 488.1 292.3 583.1 316.0 0.8984 0
34JL6091-20190615-192026.jpg 667.8 340.8 789.9 371.2 0.9522 0
34JL7697-20190615-202243.jpg 652.3 301.0 768.6 332.2 0.9174 0
34JL8182-20190615-012022.jpg 591.8 333.2 729.6 368.4 0.9228 0
34JL929-20190615-214216.jpg 910.3 428.9 1051.5 470.2 0.8869 0
34JL9299-20190615-182904.jpg 570.6 279.3 664.0 305.5 0.8875 0
34JL9299-20190615-182905.jpg 604.7 298.3 708.5 326.7 0.9244 0
34JL9558-20190615-235948.jpg 588.4 327.6 716.7 360.6 0.9479 0
34JL956-20190615-235950.jpg 871.8 404.0 1037.0 452.7 0.9240 0
34JL9585-20190615-101034.jpg 621.4 297.5 712.2 321.3 0.9346 0
34JLZ377-20190615-180444.jpg 802.4 385.1 955.8 426.1 0.9275 0
34JM828-20190615-132238.jpg 792.8 302.9 884.1 326.6 0.9312 0
34JM8289-20190615-132238.jpg 819.8 308.7 916.3 333.9 0.9227 0
34JN377-20190615-162332.jpg 568.5 288.3 655.5 310.4 0.9036 0
34JPK38-20190615-092230.jpg 881.2 280.2 966.4 302.8 0.8882 0
34JPK38-20190615-094520.jpg 521.0 286.3 615.7 312.5 0.9208 0
34JPK38-20190615-115656.jpg 889.4 276.3 971.0 297.8 0.9432 0
34JPK38-20190615-172852.jpg 890.0 274.5 970.2 295.4 0.9396 0
34JPK38-20190615-180346.jpg 492.7 298.4 598.1 326.6 0.9236 0
34JPK38-20190615-183435.jpg 872.9 270.7 944.4 291.3 0.9337 0
34JPK38-20190615-223909.jpg 648.0 295.7 751.4 321.9 0.9449 0
34JU3765-20190615-145031.jpg 407.8 300.1 509.1 325.9 0.7382 0
34JU3765-20190615-145031.jpg 891.0 275.5 965.7 296.0 0.6784 0
34JU3765-20190615-153212.jpg 486.0 296.3 577.0 320.6 0.9152 0
34JU3765-20190615-153214.jpg 976.9 446.1 1160.9 493.0 0.9026 0
34JVB115-20190615-092707.jpg 791.6 309.7 888.0 336.5 0.9097 0
34K5841-20190615-203038.jpg 617.3 321.3 735.4 358.9 0.9527 0
34K7305-20190615-083603.jpg 315.9 317.9 407.7 341.3 0.9272 0
34KB4071-20190615-113208.jpg 853.8 271.7 931.1 293.8 0.9150 0
34KBO71-20190615-113207.jpg 873.3 274.3 954.5 296.2 0.9096 0
34KE020-20190615-182114.jpg 599.9 290.3 694.7 313.8 0.9338 0
34KE0210-20190615-182112.jpg 599.4 290.9 693.7 314.8 0.9310 0
34KE0210-20190615-182121.jpg 695.3 309.1 803.2 336.2 0.9438 0
34KE0210-20190615-182122.jpg 832.4 361.5 974.0 397.3 0.9439 0
34KEO210-20190615-182120.jpg 657.8 299.7 758.5 324.8 0.9348 0
34KEO210-20190615-182121.jpg 746.3 327.2 869.3 358.4 0.9449 0
34KEO210-20190615-182122.jpg 887.7 382.4 1043.6 420.7 0.9267 0
34KG4495-20190615-120308.jpg 810.1 412.2 963.1 449.9 0.9324 0
34KG495-20190615-120307.jpg 512.1 331.7 625.3 359.0 0.9150 0
34KG841-20190615-223323.jpg 608.2 305.3 724.7 334.3 0.9470 0
34KHV50-20190615-172332.jpg 424.1 286.7 510.6 309.9 0.8538 0
34KHV50-20190615-172335.jpg 472.8 293.5 565.5 318.4 0.8192 0
34KHV50-20190615-172337.jpg 473.2 293.5 565.8 318.1 0.8297 0
34KHV50-20190615-172340.jpg 473.6 293.5 565.5 318.2 0.8303 0
34KHV50-20190615-172341.jpg 473.5 293.5 565.5 318.2 0.8309 0
34KHV50-20190615-172344.jpg 493.6 297.7 587.5 323.1 0.8682 0
34KHV50-20190615-172400.jpg 499.5 298.3 594.2 324.1 0.8170 0
34KHV50-20190615-172401.jpg 499.5 298.2 594.2 324.0 0.8666 0
34KHV50-20190615-172407.jpg 499.3 298.2 594.3 324.1 0.8650 0
34KHV50-20190615-172419.jpg 499.6 298.2 594.1 324.1 0.8687 0
34KHV50-20190615-172422.jpg 526.8 301.8 623.6 328.3 0.8846 0
34KHV50-20190615-192343.jpg 551.3 310.3 653.9 338.0 0.9073 0
34KHY50-20190615-172336.jpg 472.8 293.3 565.5 318.3 0.8216 0
34KHY50-20190615-172340.jpg 473.5 293.6 565.5 318.2 0.8306 0
34KHY50-20190615-172348.jpg 495.3 298.1 589.8 323.7 0.8652 0
34KKM45-20190615-135500.jpg 537.1 294.1 624.0 317.5 0.9194 0
34KKM45-20190615-194953.jpg 524.9 296.8 612.5 320.7 0.9144 0
34KL4857-20190615-172031.jpg 545.6 322.2 655.7 350.4 0.9125 0
34KL8548-20190615-010950.jpg 565.1 296.1 710.6 334.2 0.9242 0
34KL857-20190615-172031.jpg 487.3 294.8 582.3 320.1 0.9215 0
34KL858-20190615-010950.jpg 479.7 275.1 601.5 304.9 0.9298 0
34KLB58-20190615-010949.jpg 470.6 266.5 585.2 295.6 0.9506 0
34KNV50-20190615-172333.jpg 455.7 290.9 545.3 315.0 0.8188 0
34KNV50-20190615-172336.jpg 472.7 293.4 565.4 318.2 0.8181 0
34KNV50-20190615-172340.jpg 473.5 293.5 565.5 318.2 0.8292 0
34KNV50-20190615-172344.jpg 491.1 297.2 585.2 322.1 0.8720 0
34KNV50-20190615-172345.jpg 494.8 298.0 589.2 323.6 0.8608 0
34KNV50-20190615-172348.jpg 495.2 298.0 589.9 323.6 0.8650 0
34KNV50-20190615-172349.jpg 495.3 298.0 589.7 323.6 0.8639 0
34KNV50-20190615-172351.jpg 495.2 298.1 589.7 323.7 0.8676 0
34KNV50-20190615-172355.jpg 495.4 298.1 589.8 323.7 0.8703 0
34KNV50-20190615-172401.jpg 499.5 298.3 594.1 324.0 0.8488 0
34KNV50-20190615-172402.jpg 499.8 298.2 594.2 324.1 0.8683 0
34KNV50-20190615-172405.jpg 499.8 298.2 594.3 324.1 0.8562 0
34KNV50-20190615-172408.jpg 499.2 298.1 594.2 324.1 0.8664 0
34KNV50-20190615-172416.jpg 499.6 298.4 594.0 324.1 0.8016 0
34KNV50-20190615-172420.jpg 505.1 299.4 600.1 325.4 0.8754 0
34KNV50-20190615-172422.jpg 565.7 306.2 664.3 332.8 0.8690 0
34KNV50-20190615-192343.jpg 500.7 297.3 595.6 323.3 0.8926 0
34KNV50-20190615-192344.jpg 582.2 317.0 688.5 346.0 0.8958 0
34KNY50-20190615-172337.jpg 473.2 293.6 565.7 318.2 0.8300 0
34KNY50-20190615-172350.jpg 495.2 298.1 589.6 323.7 0.8654 0
34KNY50-20190615-172351.jpg 495.3 298.1 589.7 323.7 0.8654 0
34KP178-20190615-012518.jpg 983.5 505.2 1188.3 560.6 0.8804 0
34KP1780-20190615-012516.jpg 523.8 315.9 641.3 345.7 0.9426 0
34KP1780-20190615-012517.jpg 771.2 415.1 956.6 465.5 0.9351 0
34KP1780-20190615-064619.jpg 517.3 293.2 616.1 321.8 0.8929 0
34KP1780-20190615-064620.jpg 606.6 335.8 736.3 370.0 0.9293 0
34KP1780-20190615-175418.jpg 675.9 326.2 795.6 358.0 0.9366 0
34KP1780-20190615-200542.jpg 512.4 292.8 605.0 318.7 0.8762 0
34KP1780-20190615-231554.jpg 533.8 335.9 672.9 372.9 0.9298 0
34KP707-20190615-220423.jpg 504.8 364.7 629.2 395.8 0.9232 0
34KP780-20190615-012517.jpg 743.1 402.8 921.4 451.3 0.8069 0
34KP780-20190615-231555.jpg 772.2 422.0 956.3 474.2 0.9154 0
34KP911-20190615-163736.jpg 887.3 219.6 955.0 240.3 0.9249 0
34KP9114-20190615-011355.jpg 565.8 343.7 694.0 378.1 0.9470 0
34KP9114-20190615-162752.jpg 508.4 300.7 603.1 325.5 0.9319 0
34KP914-20190615-011356.jpg 867.4 448.3 1054.3 495.9 0.8798 0
34KPI780-20190615-064620.jpg 571.4 320.7 690.3 352.3 0.9295 0
34KT326-20190615-235146.jpg 724.2 338.0 865.8 378.1 0.9361 0
34KT3265-20190615-002043.jpg 658.5 308.4 781.5 341.0 0.9407 0
34KT3266-20190615-002043.jpg 668.2 317.5 793.2 350.4 0.9413 0
34KT3266-20190615-103711.jpg 853.5 313.1 973.1 343.0 0.7490 0
34KT3266-20190615-140300.jpg 637.6 334.7 768.3 368.6 0.9256 0
34KT3266-20190615-143859.jpg 590.5 300.1 697.9 327.3 0.9247 0
34KT3266-20190615-170524.jpg 738.4 282.2 822.3 305.4 0.9140 0
34KT3266-20190615-235145.jpg 654.4 314.2 779.6 347.4 0.9437 0
34KT3266-20190615-235146.jpg 789.5 356.2 944.1 400.5 0.9427 0
34KV584-20190615-203039.jpg 712.0 351.3 847.7 392.8 0.9449 0
34KV5841-20190615-203037.jpg 582.8 299.7 692.5 335.6 0.9454 0
34KV5841-20190615-203039.jpg 666.8 334.9 794.2 375.1 0.9290 0
34KV6841-20190615-203039.jpg 754.1 359.4 898.6 404.4 0.9219 0
34KV6841-20190615-223324.jpg 723.3 357.5 881.1 398.2 0.9289 0
34KV6841-20190615-223325.jpg 970.8 453.0 1110.7 497.0 0.6365 0
34KVE841-20190615-203038.jpg 647.0 327.5 769.5 366.5 0.7214 0
34KVG84-20190615-203038.jpg 613.5 322.5 730.7 361.3 0.9365 0
34KVG84-20190615-203039.jpg 866.2 397.3 1034.5 446.9 0.9104 0
34KVG841-20190615-223325.jpg 774.5 380.9 948.8 424.9 0.9403 0
34L0867-20190615-173247.jpg 893.7 204.9 969.1 229.3 0.9130 0
34L0867-20190615-193805.jpg 531.2 286.7 618.3 311.6 0.9045 0
34L0867-20190615-202257.jpg 882.7 210.3 955.1 233.1 0.8826 0
34L2102-20190615-193149.jpg 812.1 392.7 976.9 435.0 0.9187 0
34L4517-20190615-230135.jpg 634.6 344.8 764.0 384.0 0.9404 0
34L5189-20190615-210651.jpg 681.5 285.8 777.4 310.2 0.9425 0
34L5724-20190615-205018.jpg 843.4 303.8 953.0 332.9 0.9536 0
34L8548-20190615-010950.jpg 494.9 266.8 620.1 298.1 0.9405 0
34LAR532-20190615-062642.jpg 478.9 259.8 567.2 286.6 0.9374 0
34LAR532-20190615-062647.jpg 493.1 270.4 590.3 300.1 0.9537 0
34LAR532-20190615-062649.jpg 493.1 270.4 590.3 300.1 0.9549 0
34LAR532-20190615-062656.jpg 492.9 270.4 590.5 300.2 0.9555 0
34LAR532-20190615-062708.jpg 493.5 270.5 590.2 300.1 0.9520 0
34LAR532-20190615-062709.jpg 493.5 270.6 590.3 300.1 0.9527 0
34LAR532-20190615-062713.jpg 493.4 270.6 590.4 300.1 0.9526 0
34LAR532-20190615-063213.jpg 882.0 243.7 959.3 264.1 0.9290 0
34LAR632-20190615-062642.jpg 482.0 262.5 571.3 290.4 0.9460 0
34LAR632-20190615-062646.jpg 493.2 270.4 590.3 300.1 0.9551 0
34LAR632-20190615-062648.jpg 493.1 270.3 590.3 300.1 0.9546 0
34LAR632-20190615-062650.jpg 493.1 270.4 590.3 300.1 0.9551 0
34LAR632-20190615-062656.jpg 492.9 270.4 590.5 300.2 0.9554 0
34LAR632-20190615-062700.jpg 493.5 270.5 590.2 300.0 0.9538 0
34LAR632-20190615-062708.jpg 493.6 270.5 590.2 300.1 0.9522 0
34LAR632-20190615-062709.jpg 493.5 270.6 590.3 300.1 0.9527 0
34LAR632-20190615-062713.jpg 493.4 270.6 590.4 300.1 0.9524 0
34LAR632-20190615-063213.jpg 865.0 235.2 940.2 255.2 0.9208 0
34LDE741-20190615-150401.jpg 1131.7 297.2 1218.8 321.5 0.8869 0
34LE0350-20190615-173059.jpg 273.6 295.3 370.9 328.2 0.9237 0
34LE0350-20190615-173104.jpg 288.5 300.5 390.2 333.9 0.9645 0
34LE0350-20190615-173107.jpg 288.7 300.5 390.1 333.8 0.9639 0
34LE0350-20190615-173108.jpg 288.6 300.5 390.1 333.8 0.9637 0
34LE0350-20190615-173110.jpg 288.3 300.4 390.2 333.8 0.9668 0
34LE0350-20190615-173111.jpg 288.3 300.4 390.1 333.9 0.9669 0
34LE0350-20190615-173112.jpg 288.6 300.4 390.1 333.9 0.9650 0
34LE0350-20190615-173113.jpg 288.3 300.4 390.1 333.9 0.9647 0
34LE0350-20190615-173116.jpg 288.8 300.6 390.1 333.8 0.9646 0
34LE0350-20190615-173118.jpg 288.5 300.3 390.1 333.9 0.9660 0
34LE0350-20190615-173121.jpg 288.4 300.5 390.1 333.9 0.9648 0
34LE0350-20190615-173123.jpg 288.2 300.4 390.1 333.9 0.9652 0
34LE0350-20190615-173125.jpg 288.6 300.6 390.2 334.1 0.9633 0
34LE0350-20190615-173128.jpg 288.6 300.3 390.1 333.9 0.9647 0
34LE0350-20190615-173129.jpg 288.6 300.5 390.2 333.9 0.9644 0
34LE0350-20190615-173131.jpg 288.4 300.5 390.3 333.9 0.9650 0
34LE0350-20190615-173132.jpg 288.7 300.3 390.2 333.9 0.9651 0
34LE0350-20190615-173134.jpg 288.6 300.4 390.1 333.9 0.9639 0
34LE0350-20190615-173137.jpg 288.9 300.6 389.9 333.9 0.9641 0
34LE0350-20190615-173141.jpg 288.6 300.5 390.0 333.8 0.9645 0
34LE0350-20190615-173142.jpg 288.6 300.6 390.0 333.9 0.9634 0
34LE0350-20190615-173144.jpg 288.5 300.6 390.0 333.9 0.9644 0
34LE0350-20190615-173145.jpg 288.5 300.4 390.1 333.8 0.9646 0
34LE0350-20190615-173146.jpg 288.6 300.4 390.1 333.8 0.9650 0
34LE0350-20190615-173150.jpg 288.4 300.5 390.2 334.0 0.9637 0
34LE0350-20190615-173151.jpg 288.3 300.5 390.2 333.9 0.9638 0
34LE0350-20190615-173154.jpg 288.8 300.4 390.0 333.7 0.9653 0
34LE0350-20190615-173155.jpg 288.6 300.5 390.0 333.9 0.9640 0
34LE0350-20190615-173158.jpg 288.6 300.5 389.9 333.9 0.9645 0
34LE0350-20190615-173200.jpg 288.5 300.4 390.1 333.9 0.9638 0
34LE0350-20190615-173202.jpg 288.6 300.5 390.0 333.8 0.9633 0
34LE0350-20190615-173206.jpg 288.4 300.5 390.0 333.9 0.9641 0
34LE0350-20190615-173211.jpg 288.6 300.5 390.2 333.9 0.9628 0
34LE0350-20190615-173212.jpg 288.5 300.5 390.1 333.9 0.9629 0
34LE0350-20190615-173217.jpg 288.4 300.4 390.1 334.1 0.9639 0
34LE0350-20190615-173218.jpg 288.5 300.6 390.1 333.9 0.9649 0
34LED350-20190615-173106.jpg 288.5 300.5 390.1 333.9 0.9652 0
34LED350-20190615-173137.jpg 288.9 300.6 389.9 333.9 0.9641 0
34LED350-20190615-173140.jpg 288.6 300.5 390.0 333.8 0.9643 0
34LED350-20190615-173143.jpg 288.5 300.6 390.0 333.9 0.9640 0
34LED350-20190615-173155.jpg 288.6 300.5 390.0 333.9 0.9640 0
34LED350-20190615-173159.jpg 288.6 300.5 390.0 333.9 0.9657 0
34LED350-20190615-173201.jpg 288.5 300.4 390.2 333.9 0.9638 0
34LED350-20190615-173210.jpg 288.6 300.6 390.2 333.9 0.9626 0
34LED350-20190615-173214.jpg 288.5 300.3 390.0 334.1 0.9639 0
34LEH94-20190615-213427.jpg 314.4 302.2 418.0 328.6 0.9504 0
34LEO350-20190615-173101.jpg 288.8 300.2 390.1 333.8 0.9645 0
34LEO350-20190615-173110.jpg 288.3 300.4 390.2 333.8 0.9668 0
34LEO350-20190615-173111.jpg 288.3 300.5 390.1 333.8 0.9672 0
34LEO350-20190615-173114.jpg 288.4 300.4 390.1 333.9 0.9645 0
34LEO350-20190615-173116.jpg 288.8 300.6 390.1 333.8 0.9650 0
34LEO350-20190615-173125.jpg 288.6 300.6 390.2 334.0 0.9635 0
34LEO350-20190615-173127.jpg 288.6 300.4 390.1 333.9 0.9647 0
34LEO350-20190615-173138.jpg 288.9 300.6 390.0 333.9 0.9642 0
34LEO350-20190615-173141.jpg 288.6 300.5 390.0 333.8 0.9645 0
34LEO350-20190615-173148.jpg 288.7 300.5 390.0 333.9 0.9659 0
34LEO350-20190615-173213.jpg 288.5 300.5 390.1 333.9 0.9629 0
34LEO350-20190615-173220.jpg 288.4 300.5 390.0 333.9 0.9636 0
34LEO350-20190615-173221.jpg 298.6 300.1 400.1 333.6 0.9615 0
34LEO350-20190615-173223.jpg 642.4 354.9 770.9 389.5 0.9487 0
34LEQ350-20190615-173129.jpg 288.6 300.4 390.1 333.9 0.9652 0
34LEQ350-20190615-173204.jpg 288.5 300.6 390.0 333.8 0.9633 0
34LF138-20190615-142056.jpg 482.5 278.4 571.5 302.9 0.9354 0
34LF138-20190615-142100.jpg 482.9 278.5 571.7 302.9 0.9385 0
34LF1388-20190615-142044.jpg 406.5 270.9 491.6 295.2 0.9532 0
34LF1388-20190615-142050.jpg 482.8 278.4 571.3 302.9 0.9382 0
34LF1388-20190615-142057.jpg 483.0 278.4 571.8 302.8 0.9384 0
34LF1388-20190615-142101.jpg 482.9 278.4 571.6 302.9 0.9370 0
34LFI388-20190615-142050.jpg 482.8 278.4 571.4 302.9 0.9379 0
34LG572-20190615-205020.jpg 843.6 303.7 952.7 332.7 0.9540 0
34LG5724-20190615-205016.jpg 845.7 303.9 954.3 332.4 0.9566 0
34LG5724-20190615-205017.jpg 845.0 303.7 953.4 332.5 0.9499 0
34LG5724-20190615-205019.jpg 842.9 303.5 953.2 332.8 0.9518 0
34LGG724-20190615-205016.jpg 845.7 303.8 953.4 332.5 0.9490 0
34LH2295-20190615-191534.jpg 559.0 280.3 647.1 304.4 0.9143 0
34LH2296-20190615-191534.jpg 588.9 293.0 682.1 318.3 0.9029 0
34LHO867-20190615-115834.jpg 779.1 386.6 922.4 424.4 0.9226 0
34LIR632-20190615-062640.jpg 454.6 238.9 533.2 263.7 0.9431 0
34LM2102-20190615-183905.jpg 495.5 282.6 588.4 308.2 0.9293 0
34LM2102-20190615-193148.jpg 522.7 284.9 618.8 311.4 0.9261 0
34LM2102-20190615-193150.jpg 1004.2 445.1 1205.5 497.4 0.8751 0
34LM522-20190615-160000.jpg 722.2 464.0 893.1 508.6 0.9205 0
34LM5221-20190615-160000.jpg 620.9 433.3 767.0 472.6 0.9333 0
34LN0867-20190615-115834.jpg 899.5 426.3 1068.7 471.3 0.9438 0
34LP507-20190615-192727.jpg 257.9 302.3 352.2 335.7 0.9514 0
34LP5074-20190615-192715.jpg 254.1 298.6 345.4 331.0 0.9583 0
34LP5074-20190615-192719.jpg 257.8 302.3 351.8 335.6 0.9512 0
34LP5074-20190615-192722.jpg 258.0 302.5 352.1 335.7 0.9498 0
34LP5074-20190615-192724.jpg 258.1 302.7 352.2 336.0 0.9353 0
34LP5074-20190615-192727.jpg 257.9 302.3 352.1 335.7 0.9494 0
34LP5074-20190615-192729.jpg 257.9 302.3 352.1 335.7 0.9511 0
34LP5074-20190615-192738.jpg 258.0 302.4 352.0 335.6 0.9542 0
34LP5074-20190615-192751.jpg 257.7 302.4 352.2 335.7 0.9521 0
34LP5074-20190615-192755.jpg 257.8 302.4 352.0 335.7 0.9539 0
34LP5074-20190615-192758.jpg 257.6 302.3 352.0 335.7 0.9539 0
34LP607-20190615-192737.jpg 258.0 302.4 351.9 335.7 0.9531 0
34LP6074-20190615-192716.jpg 257.4 302.3 352.1 335.7 0.9527 0
34LP6074-20190615-192724.jpg 258.1 302.7 352.2 335.9 0.9406 0
34LP6074-20190615-192753.jpg 257.7 302.4 352.1 335.6 0.9523 0
34LP6074-20190615-192800.jpg 301.7 304.3 400.2 339.2 0.9576 0
34LP6074-20190615-192802.jpg 589.1 362.9 716.1 396.2 0.9570 0
34LPG07-20190615-192750.jpg 257.6 302.3 352.2 335.8 0.9507 0
34LPG074-20190615-192723.jpg 258.0 302.6 352.2 335.7 0.9485 0
34LPG074-20190615-192728.jpg 258.0 302.3 352.1 335.6 0.9514 0
34LPG074-20190615-192734.jpg 258.0 302.5 351.9 335.6 0.9537 0
34LPG074-20190615-192742.jpg 257.5 302.3 352.0 335.7 0.9529 0
34LPG074-20190615-192756.jpg 257.8 302.5 352.1 335.7 0.9535 0
34LPG074-20190615-192800.jpg 270.9 302.5 366.6 336.1 0.9579 0
34LPG074-20190615-192801.jpg 543.4 342.3 660.9 373.9 0.9562 0
34LRG32-20190615-062641.jpg 469.5 253.9 552.5 280.2 0.9485 0
34LU045-20190615-214030.jpg 520.8 298.2 619.4 323.3 0.9534 0
34LU0454-20190615-214032.jpg 771.5 393.6 929.4 435.8 0.9171 0
34LU1352-20190615-180944.jpg 340.8 262.8 414.9 283.5 0.8965 0
34LU1352-20190615-180948.jpg 419.4 306.5 523.6 334.0 0.9529 0
34LU1352-20190615-180949.jpg 419.7 306.4 523.5 334.0 0.9514 0
34LU1352-20190615-180951.jpg 419.8 306.4 523.6 334.0 0.9510 0
34LU1352-20190615-180956.jpg 419.7 306.4 523.5 333.9 0.9530 0
34LU1352-20190615-180959.jpg 419.7 306.3 523.6 334.0 0.9514 0
34LU1352-20190615-181005.jpg 419.4 306.4 523.5 333.9 0.9528 0
34LU1352-20190615-181006.jpg 419.6 306.4 523.7 333.9 0.9523 0
34LU1352-20190615-181009.jpg 419.5 306.4 523.5 333.9 0.9509 0
34LU1352-20190615-181022.jpg 419.9 306.4 523.9 334.0 0.9520 0
34LU1352-20190615-181025.jpg 419.3 306.4 523.6 334.0 0.9534 0
34LU1352-20190615-181028.jpg 419.4 306.4 523.5 333.9 0.9531 0
34LU1352-20190615-181029.jpg 419.4 306.4 523.4 333.9 0.9530 0
34LU1352-20190615-181030.jpg 419.7 306.4 523.6 334.0 0.9517 0
34LU1352-20190615-181032.jpg 419.2 306.3 523.6 333.9 0.9522 0
34LU1352-20190615-181033.jpg 419.2 306.3 523.6 334.0 0.9529 0
34LU1352-20190615-181037.jpg 419.4 306.5 523.6 334.0 0.9534 0
34LU1352-20190615-181042.jpg 577.8 340.8 708.3 374.6 0.9571 0
34LU2118-20190615-141707.jpg 544.8 298.5 641.5 322.7 0.9366 0
34LU2118-20190615-141709.jpg 779.0 373.6 919.6 408.9 0.9516 0
34LU2159-20190615-184802.jpg 561.6 308.8 647.3 331.3 0.9117 0
34LU224-20190615-230821.jpg 595.4 366.0 732.9 401.0 0.9400 0
34LU2245-20190615-011710.jpg 572.5 328.9 690.1 361.1 0.9510 0
34LU2245-20190615-104021.jpg 519.9 311.0 619.2 338.5 0.9371 0
34LU2245-20190615-182042.jpg 931.4 453.1 1121.5 502.4 0.9398 0
34LU2245-20190615-230821.jpg 709.5 396.4 865.3 438.4 0.9330 0
34LU225-20190615-011710.jpg 504.7 299.6 603.8 327.2 0.9464 0
34LU225-20190615-073330.jpg 893.8 275.9 966.8 295.9 0.9318 0
34LU225-20190615-230820.jpg 443.1 308.3 547.7 336.8 0.9436 0
34LUD454-20190615-214032.jpg 876.7 426.9 1058.9 474.7 0.9420 0
34LUZ118-20190615-141709.jpg 711.2 352.2 840.2 383.5 0.9499 0
34LUZ25-20190615-011710.jpg 484.6 294.1 578.9 319.7 0.9354 0
34LV2777-20190615-065156.jpg 883.5 217.2 961.7 240.9 0.9207 0
34LY3480-20190615-184232.jpg 379.2 300.1 474.1 324.0 0.9310 0
34LY3480-20190615-184234.jpg 379.3 300.1 474.2 324.0 0.9264 0
34LY3480-20190615-184235.jpg 379.8 300.1 474.2 323.9 0.9265 0
34LY3480-20190615-184237.jpg 380.2 300.1 474.1 323.8 0.9199 0
34LY3480-20190615-184246.jpg 379.6 300.1 474.3 323.9 0.9306 0
34LY3480-20190615-184247.jpg 379.3 300.2 474.3 323.9 0.9296 0
34LY3480-20190615-184250.jpg 379.2 300.2 474.0 323.9 0.9323 0
34LY3480-20190615-184251.jpg 379.1 300.2 474.0 323.9 0.9317 0
34LY3480-20190615-184253.jpg 379.2 300.1 474.6 324.0 0.9296 0
34LY3480-20190615-184259.jpg 379.9 300.4 474.2 324.0 0.9273 0
34LY3480-20190615-184301.jpg 407.1 303.1 505.6 327.4 0.9204 0
34LY3480-20190615-184302.jpg 491.3 319.0 599.3 345.6 0.9423 0
34LY3480-20190615-184304.jpg 822.8 405.5 988.4 447.2 0.9306 0
34LY380-20190615-184231.jpg 378.8 301.0 473.9 325.0 0.9165 0
34LY380-20190615-184233.jpg 379.2 300.1 474.2 324.0 0.9259 0
34LY380-20190615-184235.jpg 379.9 300.1 474.2 323.9 0.9255 0
34LY380-20190615-184239.jpg 379.5 300.2 474.6 323.9 0.9287 0
34LY380-20190615-184243.jpg 379.1 300.1 474.3 324.0 0.9306 0
34LY380-20190615-184249.jpg 379.1 300.1 474.3 324.0 0.9296 0
34LY380-20190615-184252.jpg 379.2 300.1 474.5 324.0 0.9300 0
34LY380-20190615-184256.jpg 379.7 300.1 474.3 324.0 0.9317 0
34LY380-20190615-184259.jpg 379.9 300.4 474.2 324.0 0.9275 0
34LY380-20190615-184301.jpg 433.3 305.2 535.2 330.5 0.9240 0
34LY380-20190615-184303.jpg 735.2 375.4 883.0 412.9 0.9375 0
34LY417-20190615-190233.jpg 743.4 390.5 879.3 424.4 0.9326 0
34LY417-20190615-190234.jpg 901.9 450.2 1078.3 493.0 0.7348 0
34LY417-20190615-230136.jpg 829.3 451.7 1022.4 505.7 0.8929 0
34LY4517-20190615-161817.jpg 273.9 300.4 365.8 324.3 0.9108 0
34LY4517-20190615-190232.jpg 669.9 353.5 785.3 382.4 0.9376 0
34LY4517-20190615-190233.jpg 793.9 412.6 942.9 449.7 0.9253 0
34LY4517-20190615-230135.jpg 680.8 381.3 828.2 422.6 0.9207 0
34LY457-20190615-190231.jpg 588.0 310.3 674.7 334.9 0.9150 0
34LY517-20190615-161816.jpg 273.7 300.2 366.0 324.2 0.8703 0
34LY517-20190615-190232.jpg 645.2 331.8 751.3 359.9 0.9335 0
34LY517-20190615-230134.jpg 627.9 332.0 745.7 365.9 0.9467 0
34LY517-20190615-230135.jpg 645.1 354.4 778.1 393.1 0.9365 0
34LY5189-20190615-031741.jpg 475.4 298.1 581.8 325.4 0.9579 0
34LY5189-20190615-031742.jpg 504.1 313.3 621.0 342.4 0.9519 0
34LY5189-20190615-140533.jpg 692.9 316.4 811.0 348.0 0.9399 0
34LY5189-20190615-193858.jpg 547.8 276.3 638.5 302.9 0.9031 0
34LY5189-20190615-210651.jpg 697.1 290.4 796.6 315.1 0.9498 0
34LY519-20190615-031741.jpg 464.3 292.6 567.1 318.3 0.9498 0
34LYE352-20190615-201859.jpg 475.9 326.4 590.0 353.2 0.9577 0
34LYS189-20190615-031742.jpg 497.1 308.9 611.6 337.3 0.9464 0
34LZ6464-20190615-092910.jpg 810.9 385.7 950.8 421.5 0.9437 0
34LZ664-20190615-092909.jpg 689.5 331.5 804.0 361.1 0.9438 0
34LZB464-20190615-092910.jpg 763.6 368.6 892.6 401.1 0.9517 0
34MHE24-20190615-004548.jpg 537.6 334.0 661.3 362.7 0.9395 0
34MHE24-20190615-213011.jpg 663.8 331.7 783.3 361.2 0.9361 0
34N7517-20190615-225937.jpg 582.7 319.7 711.9 349.8 0.9576 0
34NK630-20190615-003935.jpg 571.2 292.8 670.5 320.0 0.9401 0
34NK630-20190615-003937.jpg 850.7 403.7 1026.5 453.1 0.9171 0
34NK630-20190615-210625.jpg 612.5 294.0 713.1 321.4 0.9391 0
34NK6309-20190615-003935.jpg 586.4 301.2 690.6 330.1 0.9453 0
34NK6309-20190615-210625.jpg 644.1 318.8 757.2 348.4 0.9427 0
34NL053-20190615-133825.jpg 590.8 312.3 692.1 339.4 0.9353 0
34NL053-20190615-191443.jpg 543.9 327.0 660.3 357.1 0.9313 0
34NL053-20190615-191444.jpg 735.3 399.2 893.0 440.2 0.9185 0
34NU0757-20190615-201934.jpg 517.8 309.8 623.9 340.5 0.9455 0
34NUD757-20190615-201936.jpg 817.3 428.9 1007.6 476.2 0.9221 0
34NUO757-20190615-201935.jpg 604.5 350.2 734.3 381.8 0.9531 0
34NUO757-20190615-201936.jpg 937.9 483.5 1151.3 538.3 0.9609 0
34NV879-20190615-130603.jpg 709.1 424.4 885.8 471.3 0.9325 0
34NV879-20190615-131011.jpg 868.0 208.9 940.8 232.9 0.9134 0
34NV8791-20190615-012539.jpg 444.0 328.6 573.9 362.0 0.9406 0
34NV8791-20190615-012540.jpg 649.9 400.6 817.6 447.8 0.9213 0
34NV8791-20190615-103141.jpg 425.9 308.8 531.0 335.9 0.9223 0
34NV8791-20190615-130603.jpg 857.9 462.3 1063.7 516.7 0.9345 0
34NV8791-20190615-155359.jpg 481.5 323.5 590.5 350.5 0.9026 0
34NV8791-20190615-155400.jpg 580.7 354.1 713.5 387.0 0.9386 0
34NVB791-20190615-012539.jpg 476.2 340.7 615.2 377.5 0.9259 0
34NVB791-20190615-155359.jpg 516.1 327.2 633.0 356.8 0.9237 0
34NZ0474-20190615-161908.jpg 668.3 315.0 773.1 342.5 0.9308 0
34NZ0474-20190615-161909.jpg 656.5 311.0 763.5 338.9 0.9028 0
34NZ0474-20190615-161910.jpg 616.5 325.7 732.7 356.1 0.8361 0
34NZ074-20190615-161905.jpg 760.2 287.3 847.1 310.7 0.9150 0
34NZ074-20190615-162227.jpg 871.5 224.7 946.3 248.1 0.9198 0
34NZ235-20190615-102822.jpg 536.2 352.0 673.7 384.3 0.9465 0
34NZ2358-20190615-102822.jpg 607.8 389.7 760.6 425.8 0.9253 0
34NZ2358-20190615-132748.jpg 430.4 331.2 545.1 360.1 0.9199 0
34NZ2358-20190615-200912.jpg 529.9 327.6 651.6 358.3 0.9573 0
34NZ2358-20190615-203541.jpg 863.3 438.3 1058.7 483.7 0.9362 0
34NZ2368-20190615-102822.jpg 710.7 415.1 881.1 455.5 0.9353 0
34NZ2368-20190615-132749.jpg 728.5 431.5 913.6 475.8 0.9238 0
34NZ2368-20190615-200912.jpg 669.1 403.3 826.3 441.6 0.9153 0
34NZ3271-20190615-092931.jpg 647.3 326.6 766.1 357.1 0.9435 0
34NZ3271-20190615-092932.jpg 757.0 374.8 901.3 411.9 0.9308 0
34NZ3271-20190615-095324.jpg 678.3 321.0 793.9 350.8 0.9486 0
34NZ3271-20190615-142229.jpg 549.9 313.2 658.5 341.7 0.9411 0
34NZ3271-20190615-142230.jpg 614.9 355.1 749.2 389.2 0.9452 0
34NZ3271-20190615-173615.jpg 626.5 322.1 743.2 351.8 0.9447 0
34NZ3271-20190615-191810.jpg 895.8 264.4 966.3 285.8 0.9245 0
34NZ3271-20190615-195434.jpg 701.2 356.1 832.1 390.0 0.9452 0
34NZO474-20190615-161907.jpg 673.9 314.9 778.8 342.0 0.9115 0
34NZO474-20190615-161908.jpg 669.8 312.8 774.7 341.0 0.9094 0
34NZO474-20190615-161909.jpg 642.4 319.2 754.1 347.8 0.9160 0
34NZO474-20190615-161910.jpg 613.1 330.6 730.6 361.1 0.8614 0
34NZO474-20190615-161912.jpg 754.9 391.4 912.0 430.3 0.8250 0
34NZZ368-20190615-132749.jpg 669.4 416.1 841.8 457.2 0.9194 0
34O5508-20190615-231515.jpg 444.1 294.9 543.9 319.6 0.9393 0
34OHQ694-20190615-134905.jpg 482.4 264.7 576.7 290.4 0.9269 0
34P0945-20190615-232924.jpg 633.5 294.3 738.9 323.8 0.9444 0
34P4635-20190615-231832.jpg 740.5 391.3 891.5 433.9 0.9188 0
34P53809-20190615-100215.jpg 432.7 299.1 530.1 324.4 0.9193 0
34P5798-20190615-175945.jpg 321.3 307.1 424.3 334.9 0.9164 0
34P63809-20190615-100248.jpg 570.0 312.3 683.6 342.2 0.9450 0
34P6798-20190615-175933.jpg 320.1 307.7 422.1 335.3 0.9544 0
34P6798-20190615-175944.jpg 318.3 308.0 419.7 335.0 0.9460 0
34P7047-20190615-220424.jpg 597.0 423.7 746.6 460.5 0.9174 0
34P8069-20190615-212259.jpg 480.3 304.7 582.8 330.0 0.9523 0
34P8069-20190615-212300.jpg 545.3 328.3 663.0 357.5 0.9500 0
34P9055-20190615-130658.jpg 534.3 279.5 626.1 302.2 0.9367 0
34P9114-20190615-011355.jpg 497.9 323.9 615.7 353.8 0.9373 0
34P9616-20190615-232502.jpg 752.8 422.5 940.1 469.3 0.9045 0
34PB069-20190615-212259.jpg 528.1 323.9 642.5 351.7 0.9414 0
34PB069-20190615-212301.jpg 625.3 356.6 769.1 391.4 0.9365 0
34PB172-20190615-194345.jpg 358.7 293.1 451.5 316.2 0.8929 0
34PB1724-20190615-194344.jpg 366.8 291.0 456.4 313.0 0.8995 0
34PB1724-20190615-194346.jpg 373.6 297.5 468.0 321.1 0.8817 0
34PD006-20190615-123452.jpg 511.4 300.7 623.0 326.8 0.9273 0
34PD945-20190615-232925.jpg 821.5 352.4 972.7 391.2 0.9193 0
34PDD06-20190615-123453.jpg 619.1 341.5 759.5 374.3 0.9444 0
34PF322-20190615-173520.jpg 716.3 317.0 801.2 341.0 0.9067 0
34PF322-20190615-185510.jpg 600.0 318.8 689.9 342.1 0.9121 0
34PF3571-20190615-120512.jpg 426.4 292.8 516.5 315.8 0.9339 0
34PF3571-20190615-120513.jpg 426.3 292.4 516.7 315.5 0.9344 0
34PF3571-20190615-120514.jpg 426.7 292.2 517.0 315.4 0.9325 0
34PF3571-20190615-120515.jpg 426.7 292.2 517.0 315.3 0.9331 0
34PF3571-20190615-120517.jpg 426.4 292.1 516.6 315.1 0.9318 0
34PF3571-20190615-120519.jpg 426.2 292.1 516.8 315.2 0.9322 0
34PF3571-20190615-120521.jpg 426.5 291.9 516.5 315.1 0.9329 0
34PF3571-20190615-120524.jpg 426.4 291.9 516.9 315.1 0.9329 0
34PF3571-20190615-120527.jpg 426.5 292.0 516.4 315.1 0.9323 0
34PF3571-20190615-120528.jpg 426.6 292.1 516.4 315.1 0.9321 0
34PF3571-20190615-120531.jpg 426.5 292.0 516.2 315.1 0.9290 0
34PF3571-20190615-120539.jpg 426.0 292.0 516.7 315.2 0.9318 0
34PF3571-20190615-120543.jpg 600.2 326.0 717.8 356.4 0.9355 0
34PF3671-20190615-120512.jpg 426.1 292.6 516.7 315.6 0.9346 0
34PF3671-20190615-120513.jpg 426.5 292.5 516.6 315.5 0.9316 0
34PF3671-20190615-120519.jpg 426.2 292.1 516.7 315.1 0.9325 0
34PF3671-20190615-120523.jpg 426.6 291.9 516.2 315.1 0.9329 0
34PF3671-20190615-120526.jpg 426.6 292.1 516.4 315.1 0.9324 0
34PF3671-20190615-120528.jpg 426.6 292.1 516.4 315.1 0.9322 0
34PF3671-20190615-120539.jpg 426.1 292.0 516.7 315.2 0.9320 0
34PF3671-20190615-120542.jpg 471.4 299.4 568.9 325.1 0.9367 0
34PF3671-20190615-120544.jpg 682.9 369.2 820.6 404.8 0.9181 0
34PF371-20190615-120536.jpg 426.3 291.9 516.9 315.2 0.9334 0
34PF4322-20190615-122051.jpg 634.3 384.4 762.7 415.8 0.9505 0
34PF4322-20190615-134001.jpg 862.8 327.2 945.6 352.7 0.9060 0
34PF4322-20190615-173520.jpg 713.2 313.4 794.2 337.1 0.9270 0
34PF4322-20190615-173521.jpg 735.2 330.2 829.6 355.1 0.9223 0
34PF4322-20190615-185511.jpg 726.4 361.7 839.2 390.2 0.6723 0
34PG3809-20190615-100214.jpg 427.9 297.6 523.2 322.3 0.9385 0
34PG3809-20190615-100216.jpg 432.7 299.2 530.3 324.2 0.9284 0
34PG3809-20190615-100248.jpg 519.4 313.6 627.3 341.6 0.9428 0
34PG3809-20190615-100249.jpg 581.3 321.0 695.0 350.3 0.9501 0
34PG798-20190615-175932.jpg 259.8 300.8 356.3 325.8 0.9072 0
34PG798-20190615-175934.jpg 320.0 307.6 422.2 335.2 0.9549 0
34PG798-20190615-175940.jpg 320.1 307.7 422.1 335.6 0.9249 0
34PG798-20190615-175945.jpg 315.7 306.5 418.1 334.5 0.9273 0
34PG798-20190615-175946.jpg 335.3 306.5 439.3 334.8 0.7310 0
34PG798-20190615-175947.jpg 452.4 314.0 562.4 343.3 0.9433 0
34PH420-20190615-144644.jpg 674.5 301.0 777.8 331.6 0.9454 0
34PH4240-20190615-144646.jpg 695.1 307.7 803.7 340.2 0.9240 0
34PH4240-20190615-144647.jpg 694.7 306.7 803.4 339.2 0.9290 0
34PH4240-20190615-144648.jpg 695.0 306.6 803.1 338.8 0.9296 0
34PH4240-20190615-144649.jpg 695.0 306.8 803.1 339.1 0.9260 0
34PH6395-20190615-000131.jpg 634.2 374.4 792.8 416.8 0.9386 0
34PH6395-20190615-163415.jpg 478.0 285.3 567.6 309.8 0.9101 0
34PH6396-20190615-000130.jpg 484.2 313.5 600.6 345.9 0.9476 0
34PH6396-20190615-000131.jpg 700.7 388.0 871.2 435.3 0.9246 0
34PH6396-20190615-163416.jpg 588.6 320.1 705.4 350.3 0.8748 0
34PH6396-20190615-163417.jpg 1049.1 470.3 1262.2 529.9 0.8398 0
34PH9616-20190615-184906.jpg 311.8 293.8 407.9 325.1 0.9328 0
34PH9616-20190615-185025.jpg 326.7 295.1 424.1 326.7 0.9337 0
34PH9616-20190615-185026.jpg 409.8 303.1 513.4 331.9 0.9088 0
34PHG396-20190615-163417.jpg 815.6 405.7 983.2 451.5 0.8994 0
34PL0674-20190615-184639.jpg 510.9 311.8 600.8 337.4 0.9309 0
34PL0674-20190615-184641.jpg 826.4 468.0 996.8 513.7 0.9126 0
34PL0674-20190615-195651.jpg 857.1 271.4 939.1 293.9 0.9240 0
34PL0674-20190615-202207.jpg 484.3 306.9 571.0 331.5 0.9143 0
34PL0945-20190615-054430.jpg 642.5 281.4 727.3 309.6 0.9062 0
34PL0945-20190615-054431.jpg 751.7 302.7 863.8 335.7 0.9482 0
34PL0945-20190615-094719.jpg 622.3 272.8 696.4 297.0 0.9099 0
34PL0945-20190615-094720.jpg 843.5 340.7 974.6 378.1 0.9280 0
34PL0945-20190615-151730.jpg 815.6 374.1 979.6 415.6 0.8813 0
34PL095-20190615-054430.jpg 665.0 286.6 753.2 314.8 0.9467 0
34PL095-20190615-094719.jpg 669.0 288.1 757.7 314.2 0.9451 0
34PL096-20190615-213912.jpg 496.5 346.4 610.8 375.2 0.9568 0
34PL099-20190615-003050.jpg 544.7 348.5 658.0 378.2 0.9489 0
34PL0998-20190615-003051.jpg 643.6 403.7 786.3 441.2 0.9525 0
34PL0998-20190615-003052.jpg 766.3 455.1 938.4 497.3 0.9348 0
34PL0998-20190615-093913.jpg 876.9 282.0 953.6 303.9 0.9321 0
34PL0998-20190615-101058.jpg 460.4 328.5 555.4 352.6 0.9373 0
34PL0998-20190615-101059.jpg 581.6 414.1 719.5 447.8 0.9508 0
34PL0998-20190615-144429.jpg 568.2 444.7 725.6 482.9 0.9474 0
34PL0998-20190615-155719.jpg 455.2 322.9 549.4 347.1 0.9244 0
34PL0998-20190615-155720.jpg 814.6 494.1 1000.2 541.8 0.9241 0
34PL0998-20190615-213913.jpg 594.5 395.2 733.1 432.9 0.9311 0
34PL141-20190615-194306.jpg 965.6 524.8 1158.8 577.8 0.9292 0
34PL1410-20190615-194305.jpg 451.4 316.3 539.6 342.2 0.9198 0
34PL1410-20190615-194306.jpg 647.7 402.2 782.8 441.2 0.9431 0
34PL1505-20190615-123334.jpg 631.4 340.8 759.3 374.3 0.9341 0
34PL1566-20190615-150910.jpg 897.6 442.1 1074.7 484.6 0.8906 0
34PL1605-20190615-123335.jpg 744.4 393.2 894.6 432.6 0.8947 0
34PL359-20190615-201740.jpg 914.5 449.3 1110.8 496.3 0.9469 0
34PL3596-20190615-192821.jpg 888.4 217.8 964.8 241.9 0.9230 0
34PL381-20190615-162358.jpg 977.6 416.0 1178.4 465.9 0.9500 0
34PL3810-20190615-162356.jpg 473.8 272.3 564.5 297.3 0.8309 0
34PL576-20190615-140902.jpg 683.2 311.7 780.2 337.6 0.9384 0
34PL6093-20190615-133118.jpg 560.1 295.2 650.6 318.3 0.9272 0
34PL6093-20190615-133120.jpg 655.9 331.5 771.8 361.0 0.9413 0
34PL6093-20190615-220819.jpg 492.9 328.1 606.1 356.1 0.9543 0
34PL676-20190615-140902.jpg 719.0 329.5 829.2 359.4 0.9176 0
34PL6764-20190615-140902.jpg 805.0 388.1 948.6 427.4 0.9040 0
34PL7129-20190615-134115.jpg 630.2 314.8 731.7 345.0 0.9299 0
34PL7129-20190615-174520.jpg 545.2 298.0 641.2 328.2 0.9260 0
34PL7129-20190615-174521.jpg 664.8 337.2 785.3 372.5 0.9223 0
34PL729-20190615-134116.jpg 924.5 414.8 1083.2 459.3 0.9283 0
34PL7323-20190615-153301.jpg 287.4 268.3 372.7 292.1 0.9396 0
34PL7323-20190615-153303.jpg 341.7 275.9 436.4 300.9 0.9278 0
34PL7323-20190615-153310.jpg 342.1 276.4 436.1 301.0 0.9053 0
34PL7323-20190615-153312.jpg 342.3 276.3 436.3 301.2 0.9195 0
34PL7323-20190615-153314.jpg 342.3 276.3 436.4 301.3 0.9231 0
34PL7323-20190615-153317.jpg 342.3 276.3 436.2 301.3 0.9267 0
34PL7323-20190615-153318.jpg 342.2 276.3 436.2 301.3 0.9263 0
34PL7323-20190615-153320.jpg 342.2 276.3 436.4 301.1 0.8988 0
34PL7323-20190615-153321.jpg 342.2 276.3 436.4 301.1 0.9191 0
34PL7323-20190615-153322.jpg 342.3 276.3 436.2 301.2 0.9294 0
34PL7323-20190615-153324.jpg 342.1 276.3 436.3 301.3 0.9271 0
34PL7323-20190615-153327.jpg 342.2 276.3 436.3 301.3 0.9240 0
34PL7323-20190615-153334.jpg 341.8 276.4 436.3 301.3 0.9184 0
34PL7323-20190615-153336.jpg 928.6 292.2 1018.2 317.2 0.5790 0
34PL7323-20190615-153338.jpg 342.2 276.2 436.5 301.2 0.7820 0
34PL7323-20190615-153338.jpg 1052.1 391.4 1218.8 435.2 0.5276 0
34PL7323-20190615-153339.jpg 341.5 276.2 436.2 301.2 0.8870 0
34PL7323-20190615-153339.jpg 1187.2 469.3 1280.1 524.0 0.8021 0
34PL7323-20190615-153342.jpg 341.9 276.4 436.1 301.2 0.9233 0
34PL7323-20190615-153344.jpg 341.9 276.4 436.1 301.2 0.9219 0
34PL7323-20190615-153345.jpg 341.8 276.5 436.4 301.3 0.9227 0
34PL7323-20190615-153346.jpg 341.8 276.5 436.5 301.3 0.9224 0
34PL7323-20190615-153349.jpg 342.0 276.4 436.4 301.3 0.9229 0
34PL7323-20190615-153352.jpg 341.7 276.3 436.4 301.3 0.9217 0
34PL7323-20190615-153353.jpg 341.9 276.2 436.3 301.4 0.9174 0
34PL7323-20190615-153355.jpg 341.8 276.2 436.4 301.3 0.9155 0
34PL7323-20190615-153356.jpg 341.7 276.2 436.3 301.4 0.9195 0
34PL7323-20190615-153358.jpg 341.6 276.2 436.4 301.4 0.9189 0
34PL7323-20190615-153359.jpg 338.1 275.4 432.2 300.3 0.9214 0
34PL7323-20190615-163115.jpg 872.1 251.8 946.4 272.8 0.8874 0
34PL7370-20190615-194230.jpg 525.8 321.2 636.1 349.3 0.8168 0
34PL7547-20190615-131522.jpg 567.8 356.2 674.8 382.0 0.9439 0
34PL7547-20190615-131523.jpg 771.4 426.6 913.8 463.7 0.9291 0
34PL7547-20190615-183009.jpg 731.6 398.9 861.4 431.1 0.9482 0
34PL757-20190615-183008.jpg 591.5 332.0 688.7 356.0 0.9142 0
34PL7647-20190615-131521.jpg 520.0 330.0 614.8 353.9 0.9301 0
34PL7647-20190615-131523.jpg 689.3 399.5 817.8 431.1 0.9381 0
34PL7647-20190615-151834.jpg 671.7 347.3 774.0 372.8 0.9215 0
34PL7647-20190615-151836.jpg 858.2 429.5 999.9 466.1 0.9224 0
34PL7647-20190615-183009.jpg 953.3 480.0 1118.9 522.3 0.9331 0
34PL767-20190615-151833.jpg 549.7 317.9 637.0 338.9 0.9045 0
34PL767-20190615-151834.jpg 654.0 345.6 752.4 369.8 0.9341 0
34PL767-20190615-151836.jpg 829.5 416.5 965.3 450.9 0.9253 0
34PL767-20190615-183008.jpg 632.2 358.1 740.9 384.3 0.9436 0
34PL8619-20190615-140004.jpg 827.7 450.0 985.5 489.6 0.9416 0
34PL8619-20190615-175929.jpg 819.9 368.4 927.8 398.8 0.9328 0
34PL898-20190615-220635.jpg 871.5 457.8 1036.3 498.8 0.9170 0
34PL8985-20190615-102412.jpg 629.1 338.0 727.8 362.1 0.9432 0
34PL8985-20190615-220634.jpg 646.8 354.4 764.3 383.9 0.9520 0
34PL953-20190615-150919.jpg 964.1 427.2 1146.1 475.5 0.9481 0
34PL9530-20190615-150917.jpg 547.5 292.3 642.6 316.3 0.9413 0
34PLD945-20190615-054431.jpg 720.5 298.4 822.3 329.8 0.9644 0
34PLD945-20190615-054432.jpg 906.7 350.5 1051.8 390.4 0.8972 0
34PLD990-20190615-003051.jpg 676.1 422.9 825.6 460.8 0.9323 0
34PLD998-20190615-101058.jpg 512.3 363.5 630.1 392.7 0.9452 0
34PLD998-20190615-144428.jpg 433.0 364.0 546.9 392.0 0.9469 0
34PLD998-20190615-150938.jpg 827.7 268.5 900.7 289.4 0.5927 0
34PLD998-20190615-150938.jpg 828.0 268.3 900.8 289.5 0.5123 0
34PLG093-20190615-133119.jpg 589.2 311.0 688.4 335.6 0.9309 0
34PLJ556-20190615-150909.jpg 641.0 358.2 770.9 389.5 0.9390 0
34PLJ556-20190615-150910.jpg 840.4 430.5 1008.4 472.4 0.8982 0
34PLO674-20190615-184640.jpg 713.5 440.5 862.5 481.0 0.9567 0
34PLO674-20190615-195651.jpg 887.2 275.8 974.2 299.4 0.9155 0
34PLO945-20190615-054430.jpg 678.0 287.7 769.9 316.8 0.9471 0
34PLO945-20190615-094720.jpg 947.6 364.1 1097.6 404.7 0.9263 0
34PLO945-20190615-151728.jpg 467.6 287.9 571.2 316.7 0.8270 0
34PLO945-20190615-151729.jpg 546.7 304.3 661.2 334.7 0.5558 0
34PLO95-20190615-054430.jpg 617.4 274.6 694.5 301.3 0.7290 0
34PLO95-20190615-094720.jpg 797.7 323.7 919.2 357.4 0.9439 0
34PLO95-20190615-151728.jpg 497.0 293.3 605.5 323.7 0.7942 0
34PLO99-20190615-003050.jpg 522.5 332.2 627.8 360.3 0.9456 0
34PLO998-20190615-003051.jpg 568.1 350.7 690.2 381.3 0.9647 0
34PLO998-20190615-003052.jpg 718.0 435.2 878.4 474.4 0.9386 0
34PLO998-20190615-101057.jpg 448.4 316.0 535.0 337.8 0.9454 0
34PLO998-20190615-101058.jpg 470.3 345.0 572.4 370.1 0.9440 0
34PLO998-20190615-144427.jpg 404.2 312.7 489.6 334.5 0.9425 0
34PLO998-20190615-155719.jpg 560.3 372.3 683.9 404.5 0.9494 0
34PLO998-20190615-213913.jpg 553.4 372.2 682.4 405.1 0.9382 0
34PM463-20190615-231833.jpg 824.4 417.1 990.7 464.2 0.9067 0
34PM635-20190615-231832.jpg 677.5 358.7 814.5 396.0 0.9261 0
34PM8059-20190615-212259.jpg 502.0 313.0 610.3 339.8 0.9508 0
34PN240-20190615-144645.jpg 694.7 305.7 803.7 338.3 0.9309 0
34PN420-20190615-144649.jpg 694.9 306.8 803.2 339.2 0.9265 0
34PN4240-20190615-144647.jpg 694.7 306.7 803.8 339.6 0.9279 0
34PN4240-20190615-144648.jpg 695.0 306.6 803.0 338.8 0.9294 0
34PN4240-20190615-144650.jpg 694.9 306.9 803.2 339.2 0.9259 0
34PN4240-20190615-144654.jpg 725.0 311.2 838.4 342.7 0.9290 0
34PN9616-20190615-184902.jpg 283.1 291.0 375.1 317.9 0.8853 0
34PN9616-20190615-184907.jpg 311.7 293.8 407.9 325.1 0.9328 0
34PN9616-20190615-185019.jpg 962.9 353.3 1090.8 386.7 0.8985 0
34PN9616-20190615-185025.jpg 334.9 295.5 434.3 326.7 0.9358 0
34PN9616-20190615-185027.jpg 459.8 307.2 564.3 334.3 0.9112 0
34PR694-20190615-163042.jpg 860.7 219.2 938.8 241.5 0.9147 0
34PS025-20190615-102204.jpg 881.0 239.4 957.0 259.9 0.9188 0
34PS0254-20190615-101454.jpg 403.6 299.2 502.2 322.4 0.9243 0
34PS2553-20190615-232139.jpg 540.5 302.6 643.9 329.5 0.9465 0
34PU9550-20190615-173535.jpg 731.0 350.9 864.3 384.5 0.9527 0
34PU9560-20190615-173534.jpg 581.0 292.2 673.5 316.3 0.8882 0
34PU9560-20190615-173535.jpg 1005.7 447.3 1194.9 497.4 0.8922 0
34PV8055-20190615-180136.jpg 638.7 309.9 745.1 339.1 0.9505 0
34PV8065-20190615-104144.jpg 600.3 313.4 704.1 341.4 0.9294 0
34PV8065-20190615-180137.jpg 904.4 391.2 1058.9 431.1 0.9355 0
34R1034-20190615-002520.jpg 533.0 320.8 645.3 348.5 0.9439 0
34R1034-20190615-165329.jpg 653.1 332.7 763.9 360.7 0.9325 0
34R1034-20190615-165330.jpg 789.6 398.6 937.5 435.2 0.8423 0
34R1034-20190615-193046.jpg 666.7 344.6 788.6 375.3 0.9500 0
34R1034-20190615-203155.jpg 611.0 326.8 720.5 354.1 0.9426 0
34R1034-20190615-235302.jpg 539.5 324.2 656.6 355.0 0.9563 0
34R64495-20190615-133200.jpg 286.8 316.1 377.8 340.0 0.9501 0
34R64495-20190615-133206.jpg 287.0 316.1 377.9 339.8 0.9129 0
34R6495-20190615-133146.jpg 286.6 316.1 377.9 340.0 0.9506 0
34R6495-20190615-133154.jpg 286.7 316.0 377.9 339.9 0.9440 0
34R6495-20190615-133155.jpg 286.6 316.0 377.9 339.9 0.9446 0
34R6495-20190615-133158.jpg 286.5 316.0 378.0 340.0 0.9505 0
34R6495-20190615-133201.jpg 286.8 316.1 377.8 340.0 0.9508 0
34R6495-20190615-133202.jpg 286.7 315.9 378.1 340.0 0.9371 0
34R6495-20190615-133206.jpg 286.2 316.0 378.0 339.9 0.8720 0
34R6495-20190615-133207.jpg 287.0 316.0 377.8 339.8 0.9065 0
34R6495-20190615-133210.jpg 286.5 316.0 378.0 339.8 0.7564 0
34R7158-20190615-214946.jpg 483.2 296.7 591.4 321.8 0.9417 0
34RA503-20190615-184054.jpg 658.1 265.4 762.3 296.1 0.9269 0
34RA603-20190615-183326.jpg 732.2 309.4 830.2 334.8 0.9131 0
34RA603-20190615-184054.jpg 698.2 267.6 801.3 299.5 0.9343 0
34RA603-20190615-184055.jpg 465.8 250.4 568.4 279.7 0.9265 0
34RA603-20190615-184059.jpg 302.1 236.6 394.4 262.5 0.9136 0
34RAG03-20190615-184054.jpg 619.8 255.9 722.1 285.7 0.9399 0
34RAG03-20190615-184058.jpg 327.7 241.4 425.1 267.0 0.8856 0
34RB3274-20190615-130524.jpg 632.1 364.7 792.6 405.2 0.9176 0
34RE2849-20190615-000737.jpg 772.4 416.6 950.4 460.0 0.9196 0
34RE2849-20190615-183133.jpg 785.7 304.0 874.9 328.1 0.9118 0
34RE289-20190615-145843.jpg 818.2 256.0 897.0 278.9 0.8187 0
34RE289-20190615-183132.jpg 671.6 284.1 746.4 306.0 0.8826 0
34RE289-20190615-183133.jpg 777.4 302.3 864.3 325.6 0.9128 0
34RG2152-20190615-002738.jpg 525.8 293.9 639.5 321.4 0.9541 0
34RG2152-20190615-200604.jpg 602.6 327.2 734.6 362.2 0.9450 0
34RG449-20190615-133211.jpg 301.3 319.9 396.3 344.1 0.9460 0
34RG4495-20190615-133144.jpg 286.7 316.3 377.7 340.0 0.9523 0
34RG4495-20190615-133154.jpg 286.7 316.0 377.9 339.9 0.9443 0
34RG4495-20190615-133157.jpg 286.5 316.1 378.0 340.0 0.9504 0
34RG4495-20190615-133213.jpg 601.6 359.7 719.2 392.9 0.9296 0
34RG495-20190615-133143.jpg 286.8 316.3 377.9 340.0 0.9536 0
34RG495-20190615-133144.jpg 286.8 316.2 377.8 339.9 0.9523 0
34RG495-20190615-133151.jpg 286.9 316.1 377.9 340.0 0.9511 0
34RG495-20190615-133202.jpg 286.7 315.9 378.1 340.0 0.9377 0
34RG495-20190615-133206.jpg 286.9 316.1 377.9 339.8 0.8765 0
34RG495-20190615-133207.jpg 287.0 316.1 377.9 339.8 0.9133 0
34RG495-20190615-133208.jpg 287.0 316.1 377.9 339.8 0.9258 0
34RG495-20190615-133210.jpg 286.5 316.1 377.9 339.8 0.8584 0
34RG495-20190615-133211.jpg 312.9 320.3 410.0 345.4 0.9467 0
34RH023-20190615-200322.jpg 609.2 316.9 725.0 349.1 0.9292 0
34RH4023-20190615-200323.jpg 718.3 367.5 858.8 405.9 0.9241 0
34RH4023-20190615-200324.jpg 900.8 415.3 1080.8 464.0 0.8516 0
34RHD23-20190615-131545.jpg 672.2 339.9 802.8 373.3 0.9517 0
34RHO23-20190615-200323.jpg 829.5 391.8 992.7 436.0 0.9416 0
34RK901-20190615-150835.jpg 1184.9 501.9 1280.7 560.2 0.8755 0
34RK9016-20190615-150835.jpg 575.4 318.4 684.9 347.4 0.9180 0
34RL1333-20190615-134234.jpg 782.9 334.9 908.4 367.0 0.9103 0
34RL1333-20190615-162810.jpg 710.5 292.7 803.4 316.4 0.8556 0
34RRK34-20190615-164110.jpg 484.1 321.5 585.8 346.7 0.7959 0
34RRK34-20190615-164112.jpg 826.4 451.0 999.3 493.4 0.9434 0
34RT1117-20190615-224303.jpg 771.3 399.0 950.3 448.5 0.9271 0
34RT7204-20190615-184831.jpg 904.3 434.2 1047.5 471.2 0.9454 0
34RU3515-20190615-125308.jpg 761.3 362.1 887.1 397.7 0.9537 0
34RU3615-20190615-125308.jpg 836.8 396.2 977.5 436.7 0.9511 0
34RU3826-20190615-091437.jpg 457.3 302.4 560.5 330.3 0.8968 0
34RU3826-20190615-170751.jpg 440.1 283.4 529.3 306.7 0.9268 0
34RU3826-20190615-170753.jpg 562.4 336.3 688.3 368.5 0.9403 0
34RU9003-20190615-143243.jpg 759.2 370.3 901.4 405.7 0.9384 0
34RU9003-20190615-150838.jpg 663.9 357.8 798.1 390.9 0.9398 0
34RU9097-20190615-144359.jpg 301.2 286.9 395.1 313.6 0.9273 0
34RU9097-20190615-144406.jpg 301.2 286.7 395.1 313.3 0.9242 0
34RU9097-20190615-144412.jpg 300.9 287.3 395.6 313.0 0.8845 0
34RU9097-20190615-144419.jpg 301.1 289.6 396.4 315.4 0.9191 0
34RU9097-20190615-144423.jpg 792.2 429.4 987.6 481.9 0.9154 0
34RUB26-20190615-170752.jpg 545.5 330.6 666.4 361.7 0.9315 0
34RUO97-20190615-144423.jpg 685.9 398.4 859.6 444.5 0.9199 0
34RY195-20190615-191005.jpg 481.3 295.5 580.3 322.4 0.9029 0
34RY1955-20190615-190940.jpg 463.7 274.6 548.8 299.3 0.8680 0
34RY1955-20190615-190942.jpg 475.0 285.1 568.9 311.2 0.8699 0
34RY1955-20190615-190944.jpg 480.0 295.4 580.0 322.5 0.9067 0
34RY1955-20190615-190946.jpg 481.2 295.2 580.1 322.4 0.9026 0
34RY1955-20190615-190949.jpg 481.2 295.4 580.0 322.4 0.9025 0
34RY1955-20190615-190950.jpg 481.3 295.5 580.1 322.6 0.8985 0
34RY1955-20190615-190951.jpg 481.3 295.5 580.0 322.6 0.8986 0
34RY1955-20190615-190952.jpg 481.0 295.5 580.2 322.5 0.9016 0
34RY1955-20190615-190954.jpg 481.0 295.4 580.2 322.5 0.9008 0
34RY1955-20190615-190955.jpg 481.3 295.6 580.1 322.4 0.8983 0
34RY1955-20190615-190957.jpg 481.3 295.5 580.1 322.4 0.8984 0
34RY1955-20190615-190959.jpg 481.3 295.4 580.1 322.4 0.9024 0
34RY1955-20190615-191001.jpg 481.2 295.4 580.0 322.5 0.8959 0
34RY1955-20190615-191004.jpg 481.0 295.4 580.3 322.5 0.9022 0
34RY1955-20190615-191005.jpg 481.4 295.5 580.3 322.4 0.9050 0
34RY1955-20190615-191007.jpg 481.2 295.4 580.0 322.2 0.9006 0
34RY1955-20190615-191008.jpg 480.8 294.7 579.6 321.8 0.9054 0
34RY1955-20190615-191015.jpg 480.3 294.8 579.8 321.9 0.9095 0
34RY1955-20190615-191019.jpg 480.3 294.8 579.7 321.9 0.9112 0
34RY1955-20190615-191020.jpg 480.4 294.8 579.6 321.8 0.9151 0
34RY1955-20190615-191025.jpg 480.3 294.6 579.9 321.7 0.9056 0
34RY1955-20190615-191026.jpg 480.2 294.6 579.7 321.8 0.9105 0
34RY1955-20190615-191028.jpg 480.6 294.8 579.6 321.9 0.9128 0
34RY1955-20190615-191031.jpg 480.5 294.7 579.8 321.8 0.9109 0
34RY1955-20190615-191036.jpg 480.5 294.8 579.7 321.9 0.9136 0
34RY1955-20190615-191052.jpg 480.6 294.6 579.8 321.8 0.9124 0
34RY1955-20190615-191056.jpg 480.3 295.0 579.6 321.7 0.8778 0
34RY1955-20190615-191059.jpg 480.8 294.9 579.4 321.8 0.8817 0
34RY1955-20190615-191103.jpg 480.4 294.6 579.6 321.9 0.9106 0
34RY1955-20190615-191104.jpg 480.4 294.6 579.6 321.9 0.9094 0
34RY1955-20190615-191105.jpg 480.3 294.6 579.8 321.9 0.9128 0
34RY1955-20190615-191106.jpg 482.6 298.7 585.6 326.2 0.8827 0
34RY1955-20190615-191110.jpg 534.7 332.2 665.3 366.4 0.9167 0
34RY7158-20190615-214947.jpg 493.3 297.7 600.2 322.9 0.9477 0
34RYI955-20190615-191056.jpg 480.3 294.8 579.5 321.6 0.9082 0
34RZ439-20190615-123510.jpg 560.7 295.3 661.2 324.6 0.9145 0
34RZ439-20190615-123511.jpg 789.1 362.6 921.6 399.6 0.9282 0
34RZ439-20190615-201435.jpg 373.3 297.8 472.8 325.7 0.8532 0
34RZ4439-20190615-123510.jpg 682.9 325.3 798.8 356.2 0.9285 0
34RZ4439-20190615-123511.jpg 907.7 391.9 1057.2 433.9 0.9097 0
34S0283-20190615-231332.jpg 607.2 299.8 709.2 328.4 0.9429 0
34S0382-20190615-121632.jpg 507.5 327.5 617.8 355.1 0.7360 0
34S0382-20190615-200552.jpg 531.7 292.9 621.5 315.6 0.9266 0
34S1161-20190615-010453.jpg 623.5 321.1 746.6 351.5 0.9312 0
34S1567-20190615-232251.jpg 589.9 304.4 693.8 332.3 0.9465 0
34S2195-20190615-131434.jpg 782.0 341.6 900.9 371.9 0.9190 0
34S61367-20190615-195704.jpg 493.2 328.3 596.1 354.3 0.9516 0
34S8276-20190615-110717.jpg 897.0 276.3 971.1 296.6 0.9218 0
34SB4276-20190615-113918.jpg 914.4 364.4 1022.6 391.2 0.9030 0
34SD8125-20190615-224157.jpg 748.8 378.9 877.7 412.4 0.9376 0
34SDB125-20190615-224158.jpg 900.6 463.6 1081.3 513.9 0.9188 0
34SG1367-20190615-195703.jpg 422.3 298.5 509.7 320.9 0.7632 0
34SG1367-20190615-195703.jpg 422.6 298.7 510.3 321.1 0.6935 0
34SG1367-20190615-195704.jpg 528.0 336.6 640.8 364.7 0.9279 0
34SG1367-20190615-195706.jpg 800.7 443.2 974.3 486.9 0.9352 0
34SG1367-20190615-200502.jpg 852.4 223.2 928.5 247.7 0.9171 0
34SJ5759-20190615-202235.jpg 791.9 350.4 926.6 382.3 0.9513 0
34SJ5769-20190615-202233.jpg 589.0 289.8 685.7 312.6 0.9153 0
34SJ5769-20190615-202234.jpg 639.1 304.1 745.8 328.9 0.9415 0
34SJ8753-20190615-113508.jpg 510.6 302.7 616.0 330.5 0.9423 0
34SJ8753-20190615-183955.jpg 895.7 253.7 971.0 275.2 0.9357 0
34SJ8753-20190615-193823.jpg 552.9 304.1 659.5 332.2 0.9148 0
34SJ8753-20190615-193825.jpg 784.9 392.4 947.1 435.1 0.9411 0
34SJ969-20190615-202234.jpg 619.6 297.8 721.2 321.9 0.9351 0
34SJB753-20190615-193823.jpg 518.3 284.5 611.4 309.6 0.8934 0
34SJB753-20190615-193824.jpg 738.3 377.1 890.6 417.0 0.9068 0
34SJB753-20190615-193825.jpg 834.1 410.1 1009.4 456.4 0.9431 0
34SK520-20190615-181420.jpg 379.4 286.1 471.6 309.8 0.9403 0
34SK520-20190615-181422.jpg 382.1 287.7 476.4 311.6 0.9416 0
34SK5420-20190615-181424.jpg 595.3 341.3 725.2 373.2 0.9334 0
34SK620-20190615-181416.jpg 379.6 285.9 471.4 309.8 0.9340 0
34SK620-20190615-181420.jpg 379.5 286.0 471.7 309.8 0.9397 0
34SK620-20190615-181421.jpg 379.8 286.0 471.3 309.7 0.9399 0
34SK620-20190615-181423.jpg 513.6 306.1 628.3 333.7 0.9452 0
34SK6420-20190615-181422.jpg 386.7 287.7 481.1 311.7 0.9481 0
34SK6420-20190615-181424.jpg 640.9 358.4 781.7 392.8 0.9297 0
34SKG20-20190615-181421.jpg 379.6 286.0 471.4 309.8 0.9404 0
34SL520-20190615-212419.jpg 647.7 389.0 791.5 427.9 0.5888 0
34SL620-20190615-132627.jpg 504.9 340.8 622.3 372.3 0.9440 0
34SL620-20190615-132628.jpg 791.1 454.9 975.9 502.5 0.9304 0
34SL620-20190615-183109.jpg 696.2 327.0 802.8 356.0 0.9248 0
34SL620-20190615-212418.jpg 529.0 343.3 658.4 376.6 0.9459 0
34SL8488-20190615-003343.jpg 680.7 358.5 814.9 393.3 0.9324 0
34SLB48-20190615-003344.jpg 897.4 456.9 1089.6 505.6 0.9231 0
34SLB488-20190615-003344.jpg 846.9 434.5 1028.4 481.3 0.9284 0
34SLG20-20190615-132628.jpg 688.0 425.4 852.3 467.4 0.9005 0
34SM0382-20190615-200552.jpg 683.7 329.3 799.6 358.8 0.9441 0
34SMO382-20190615-121633.jpg 587.3 351.0 717.9 384.0 0.9475 0
34SMO382-20190615-200552.jpg 750.6 349.2 877.4 381.3 0.9476 0
34SO382-20190615-121632.jpg 471.2 302.8 571.5 328.4 0.9080 0
34SO382-20190615-200552.jpg 584.4 305.5 682.9 329.9 0.9341 0
34SP595-20190615-155532.jpg 463.0 337.8 564.0 362.6 0.9297 0
34SP595-20190615-185446.jpg 576.9 312.6 665.5 336.6 0.9183 0
34SP5954-20190615-155533.jpg 649.1 445.4 801.5 484.6 0.9202 0
34SP5954-20190615-185447.jpg 651.2 359.7 762.4 387.0 0.9447 0
34ST132-20190615-011726.jpg 527.8 284.5 621.8 310.6 0.9430 0
34ST132-20190615-011728.jpg 506.5 365.1 658.5 401.2 0.9439 0
34ST132-20190615-030412.jpg 904.6 446.2 1095.1 493.2 0.8556 0
34ST1323-20190615-011726.jpg 518.0 291.0 615.4 317.4 0.9458 0
34ST1323-20190615-030410.jpg 576.8 300.9 683.2 330.1 0.9505 0
34ST1567-20190615-232251.jpg 601.2 312.5 711.4 341.2 0.9475 0
34ST161-20190615-010453.jpg 675.2 350.9 827.4 386.5 0.9110 0
34ST161-20190615-174821.jpg 539.3 280.8 626.2 305.4 0.8864 0
34ST2195-20190615-131433.jpg 675.1 308.3 773.5 333.3 0.9096 0
34ST2195-20190615-145848.jpg 576.8 304.6 674.6 327.9 0.6704 0
34ST2195-20190615-221511.jpg 614.4 318.0 733.2 347.5 0.9456 0
34ST2195-20190615-221512.jpg 844.8 391.1 1019.9 440.1 0.9274 0
34ST2442-20190615-090928.jpg 703.2 337.8 821.4 366.8 0.9413 0
34ST3193-20190615-133545.jpg 424.6 287.2 523.6 314.6 0.9131 0
34ST323-20190615-011729.jpg 740.1 464.7 953.7 515.5 0.9120 0
34ST323-20190615-030409.jpg 567.2 286.6 661.3 312.9 0.9457 0
34ST531-20190615-170555.jpg 428.5 319.6 516.5 341.9 0.9030 0
34ST5341-20190615-170555.jpg 452.1 327.2 545.2 350.6 0.9239 0
34ST605-20190615-005742.jpg 962.5 440.3 1152.2 493.1 0.9255 0
34ST6105-20190615-005741.jpg 643.6 326.3 761.4 357.7 0.9476 0
34ST6105-20190615-175721.jpg 541.4 295.0 633.7 319.1 0.9083 0
34ST8208-20190615-211834.jpg 939.1 417.9 1119.5 470.2 0.9242 0
34STB208-20190615-211834.jpg 822.9 388.9 983.6 435.2 0.9247 0
34STZ195-20190615-221512.jpg 778.8 376.6 938.3 420.8 0.9164 0
34T04552-20190615-203000.jpg 605.0 284.7 691.3 308.3 0.9208 0
34T3256-20190615-002042.jpg 608.3 297.5 716.3 326.9 0.9446 0
34T3265-20190615-103710.jpg 736.0 275.8 823.1 297.7 0.9326 0
34T3266-20190615-103619.jpg 835.8 235.3 912.7 257.7 0.9289 0
34TAF93-20190615-200400.jpg 558.5 307.1 670.4 335.4 0.9218 0
34TAL58-20190615-162115.jpg 772.9 367.6 908.1 403.1 0.8717 0
34TAL68-20190615-162112.jpg 488.7 294.5 583.6 320.1 0.8993 0
34TAL68-20190615-162114.jpg 649.4 330.0 762.7 359.9 0.9094 0
34TAL68-20190615-162115.jpg 878.4 397.7 1036.0 438.1 0.8400 0
34TB670-20190615-162813.jpg 558.1 256.5 645.4 278.4 0.8977 0
34TBP98-20190615-182424.jpg 423.6 281.6 517.3 306.1 0.9238 0
34TCJ19-20190615-212725.jpg 589.4 293.3 688.6 318.6 0.9421 0
34TD4552-20190615-203000.jpg 613.8 302.6 713.5 330.6 0.9267 0
34TDJ52-20190615-145013.jpg 408.3 300.7 508.5 325.4 0.9049 0
34TDJ52-20190615-145020.jpg 408.4 300.5 508.7 325.3 0.8788 0
34TDJ52-20190615-145059.jpg 408.0 300.6 508.5 325.3 0.9064 0
34TDJ52-20190615-145119.jpg 407.9 300.5 508.7 325.5 0.9051 0
34TDJ52-20190615-145144.jpg 408.5 300.5 508.6 325.3 0.8919 0
34TDJ52-20190615-145200.jpg 408.3 300.4 508.7 325.3 0.8652 0
34TDJ52-20190615-145204.jpg 408.1 300.1 507.3 324.9 0.9272 0
34TDJ52-20190615-145205.jpg 408.2 300.2 507.7 325.2 0.7010 0
34TDJ52-20190615-145207.jpg 527.8 314.4 645.1 345.3 0.8925 0
34TDJ62-20190615-145010.jpg 423.9 292.3 518.0 315.4 0.9169 0
34TDJ62-20190615-145033.jpg 407.6 300.3 508.8 325.6 0.8516 0
34TDJ62-20190615-145057.jpg 408.1 300.6 508.5 325.3 0.9066 0
34TDJ62-20190615-145117.jpg 407.9 300.5 508.9 325.6 0.9074 0
34TDJ62-20190615-145123.jpg 408.1 300.3 508.9 325.7 0.9061 0
34TDJ62-20190615-145133.jpg 408.2 300.4 508.5 325.4 0.8948 0
34TDJ62-20190615-145145.jpg 408.5 300.5 508.6 325.3 0.8907 0
34TDJ62-20190615-145203.jpg 407.7 299.7 507.1 324.7 0.9310 0
34TDJ62-20190615-145205.jpg 408.3 300.1 507.2 324.9 0.9231 0
34TDJ62-20190615-145207.jpg 497.3 321.1 613.4 350.3 0.9149 0
34TDJ62-20190615-145208.jpg 592.9 337.0 715.3 367.7 0.9505 0
34TEC11-20190615-005412.jpg 427.6 302.2 532.3 331.5 0.9318 0
34TFF19-20190615-211609.jpg 640.5 306.3 747.7 334.8 0.9336 0
34TFL85-20190615-174816.jpg 538.6 296.3 642.6 321.9 0.9230 0
34TFL85-20190615-174817.jpg 545.1 306.7 656.8 333.9 0.8960 0
34TFL85-20190615-174818.jpg 570.3 335.8 704.3 367.5 0.9485 0
34TFL85-20190615-174819.jpg 629.5 376.9 785.5 413.2 0.9409 0
34TFL85-20190615-175021.jpg 881.6 228.2 959.5 251.5 0.9372 0
34TFL86-20190615-174816.jpg 543.7 306.1 654.9 333.2 0.9079 0
34TFL86-20190615-174818.jpg 589.5 348.4 730.8 381.4 0.9387 0
34TFL86-20190615-174819.jpg 847.2 457.1 1067.0 509.2 0.9207 0
34TFP41-20190615-201206.jpg 596.6 293.0 689.3 317.5 0.8903 0
34TFP41-20190615-201218.jpg 597.3 292.2 688.7 316.6 0.8908 0
34TFP41-20190615-201221.jpg 604.7 283.4 690.2 305.8 0.9228 0
34TFV45-20190615-113426.jpg 602.8 328.9 726.1 357.8 0.9238 0
34TFY45-20190615-113414.jpg 477.7 291.7 577.0 316.1 0.9263 0
34TFY45-20190615-113422.jpg 477.7 292.1 576.4 316.4 0.9163 0
34TFZ28-20190615-205453.jpg 487.5 306.0 597.3 333.8 0.9463 0
34TFZ55-20190615-053054.jpg 838.5 379.7 988.7 414.0 0.9088 0
34TG052-20190615-172150.jpg 420.6 292.6 520.3 315.8 0.9287 0
34TGA52-20190615-104009.jpg 460.6 292.1 561.5 316.8 0.9181 0
34TGA52-20190615-104016.jpg 479.2 297.1 585.1 323.4 0.9369 0
34TGA52-20190615-104018.jpg 518.8 309.4 635.7 338.8 0.9447 0
34TGA52-20190615-172130.jpg 411.2 291.7 510.0 315.3 0.9270 0
34TGA52-20190615-172134.jpg 421.8 292.2 521.1 315.7 0.9255 0
34TGA52-20190615-172149.jpg 420.7 292.5 520.1 315.7 0.9244 0
34TGA52-20190615-172150.jpg 420.6 292.6 520.3 315.8 0.9290 0
34TGA52-20190615-172153.jpg 420.7 292.5 520.3 315.9 0.9299 0
34TGA52-20190615-172155.jpg 420.6 292.5 520.3 315.8 0.9261 0
34TGA52-20190615-172158.jpg 420.7 292.5 520.3 315.8 0.9264 0
34TGA52-20190615-172159.jpg 420.4 292.6 520.1 315.8 0.9269 0
34TGA52-20190615-172205.jpg 420.7 292.5 520.4 315.8 0.9225 0
34TGA52-20190615-172210.jpg 420.7 292.6 520.4 315.7 0.9285 0
34TGA52-20190615-172211.jpg 420.7 292.6 520.3 315.7 0.9286 0
34TGA52-20190615-172212.jpg 420.6 292.5 520.2 315.8 0.9261 0
34TGA52-20190615-172213.jpg 420.6 292.5 520.2 315.8 0.9263 0
34TGA52-20190615-172215.jpg 420.5 292.6 520.2 315.8 0.9270 0
34TGD52-20190615-172148.jpg 420.7 292.6 520.1 315.8 0.9248 0
34TGD52-20190615-172153.jpg 420.7 292.5 520.2 315.8 0.9298 0
34TGD52-20190615-172155.jpg 420.8 292.5 520.4 315.8 0.9250 0
34TGD52-20190615-172210.jpg 420.7 292.6 520.3 315.7 0.9290 0
34TGD52-20190615-172212.jpg 420.7 292.5 520.2 315.9 0.9258 0
34TGD52-20190615-172213.jpg 420.6 292.5 520.2 315.8 0.9265 0
34TGD52-20190615-172214.jpg 420.6 292.6 520.3 315.8 0.9251 0
34THH03-20190615-195810.jpg 563.3 308.0 680.4 337.9 0.9557 0
34THN03-20190615-195810.jpg 536.8 316.5 650.4 345.4 0.9463 0
34THN03-20190615-195811.jpg 607.4 337.1 735.6 369.3 0.9487 0
34THR03-20190615-153707.jpg 658.1 306.5 767.7 334.0 0.8970 0
34TJ3599-20190615-105626.jpg 566.6 344.6 695.6 377.5 0.9425 0
34TJ3599-20190615-201355.jpg 850.8 420.6 1030.7 465.7 0.9215 0
34TK810-20190615-172855.jpg 551.4 282.0 636.5 306.0 0.7969 0
34TK810-20190615-172856.jpg 585.9 294.3 682.2 320.2 0.9273 0
34TKB10-20190615-172855.jpg 561.7 285.7 650.4 310.0 0.9185 0
34TKB10-20190615-172856.jpg 600.9 296.7 699.6 324.1 0.9358 0
34TKF59-20190615-122859.jpg 623.6 341.5 752.7 373.1 0.9546 0
34TKF69-20190615-122900.jpg 844.7 408.0 1012.7 447.2 0.9575 0
34TS028-20190615-181045.jpg 632.7 305.3 738.4 333.1 0.9150 0
34TS0283-20190615-102545.jpg 600.5 312.7 706.9 341.9 0.9423 0
34TS0283-20190615-181045.jpg 671.2 315.0 788.8 345.9 0.9344 0
34TS0283-20190615-181046.jpg 825.6 385.2 982.3 425.2 0.9477 0
34TS0283-20190615-194847.jpg 532.6 283.7 624.7 309.5 0.6282 0
34TS0283-20190615-231332.jpg 638.5 320.3 761.8 351.5 0.9420 0
34TS0283-20190615-231333.jpg 806.6 383.2 969.7 427.3 0.9252 0
34TS9194-20190615-133247.jpg 580.3 298.4 678.0 323.6 0.9221 0
34TS9794-20190615-133248.jpg 656.0 332.6 777.9 362.0 0.9411 0
34TSO283-20190615-102545.jpg 550.9 299.8 648.2 325.8 0.9181 0
34TSO283-20190615-102546.jpg 691.4 338.1 810.6 369.6 0.9501 0
34TSO283-20190615-102547.jpg 913.8 401.1 1076.9 443.6 0.9136 0
34TSO283-20190615-181046.jpg 706.5 334.0 830.2 366.0 0.9409 0
34TSO283-20190615-194847.jpg 561.4 297.0 665.8 325.5 0.9388 0
34TSO283-20190615-231333.jpg 679.9 343.0 816.1 377.8 0.7327 0
34TU5562-20190615-164907.jpg 321.9 298.4 431.1 326.8 0.9228 0
34TU5562-20190615-164920.jpg 324.7 297.1 435.3 325.5 0.9290 0
34TU5662-20190615-164908.jpg 328.2 299.0 438.8 327.8 0.9244 0
34TU6562-20190615-164915.jpg 328.1 298.1 438.5 326.5 0.9290 0
34TU6562-20190615-164918.jpg 327.9 298.0 438.8 326.5 0.9301 0
34TU6562-20190615-164925.jpg 324.5 297.8 435.5 326.3 0.9357 0
34TU6562-20190615-164930.jpg 323.3 297.9 433.9 326.3 0.9364 0
34TU6652-20190615-164923.jpg 324.8 297.8 435.1 326.1 0.9363 0
34TU6662-20190615-164908.jpg 328.4 297.8 439.9 326.9 0.9294 0
34TU6662-20190615-164925.jpg 324.5 297.8 435.5 326.3 0.9355 0
34TU6662-20190615-164926.jpg 324.5 297.8 435.5 326.3 0.9356 0
34TU6662-20190615-164932.jpg 380.3 309.0 501.6 339.2 0.9075 0
34TUG552-20190615-164925.jpg 324.5 297.8 435.5 326.3 0.9353 0
34TUG562-20190615-164921.jpg 324.5 297.8 435.3 326.4 0.9358 0
34TUG562-20190615-164925.jpg 324.6 297.8 435.5 326.3 0.9352 0
34TY5423-20190615-170441.jpg 553.2 348.2 682.9 380.2 0.9467 0
34TY623-20190615-034715.jpg 680.2 408.8 858.7 455.2 0.9395 0
34TY623-20190615-190216.jpg 863.6 239.6 942.3 261.5 0.9183 0
34TY623-20190615-202555.jpg 521.6 329.5 636.1 357.2 0.9313 0
34TY6423-20190615-034715.jpg 764.5 444.6 962.4 493.3 0.8911 0
34TY6423-20190615-170441.jpg 632.3 388.2 779.4 425.2 0.9003 0
34TY6423-20190615-202555.jpg 684.0 398.8 839.9 436.6 0.9420 0
34TYG423-20190615-202555.jpg 614.5 362.1 752.6 395.7 0.9416 0
34TZ474-20190615-002240.jpg 672.0 366.5 811.0 402.7 0.9474 0
34U0757-20190615-201933.jpg 452.1 282.8 536.8 309.1 0.9490 0
34U1479-20190615-093422.jpg 435.9 297.7 531.4 321.7 0.9661 0
34U1555-20190615-145327.jpg 502.5 296.7 604.5 324.4 0.8972 0
34U5036-20190615-143733.jpg 404.8 268.6 493.5 293.3 0.6985 0
34U5432-20190615-190106.jpg 639.7 282.2 732.3 308.4 0.8924 0
34U6035-20190615-144346.jpg 885.8 223.8 963.0 247.1 0.9194 0
34U6036-20190615-143736.jpg 516.6 288.6 621.9 317.0 0.9067 0
34U7439-20190615-192625.jpg 451.4 305.8 550.6 331.0 0.9106 0
34U9778-20190615-215126.jpg 696.6 362.4 811.4 393.3 0.9557 0
34UA532-20190615-135240.jpg 626.8 284.2 717.5 309.5 0.9267 0
34UA532-20190615-135241.jpg 700.9 324.4 820.1 354.8 0.9372 0
34UA532-20190615-135242.jpg 930.3 400.3 1095.9 442.8 0.9170 0
34UA532-20190615-182555.jpg 854.5 262.7 927.3 283.4 0.8882 0
34UA532-20190615-190107.jpg 749.0 340.7 877.0 374.3 0.8813 0
34UA5432-20190615-135241.jpg 666.2 310.3 775.3 339.2 0.9458 0
34UA5432-20190615-135242.jpg 827.3 373.5 975.7 412.2 0.9326 0
34UA5432-20190615-190106.jpg 702.1 314.9 816.7 343.9 0.9342 0
34UA9730-20190615-200506.jpg 869.6 225.7 939.8 247.7 0.9301 0
34UC109-20190615-093508.jpg 434.0 295.9 531.0 320.9 0.9405 0
34UC109-20190615-093510.jpg 434.0 296.0 530.8 320.9 0.9423 0
34UC109-20190615-093523.jpg 434.4 296.3 531.2 321.3 0.9517 0
34UC129-20190615-093609.jpg 600.7 386.3 754.4 425.2 0.9425 0
34UC1429-20190615-093606.jpg 475.1 323.7 589.5 352.6 0.9232 0
34UC1479-20190615-093418.jpg 435.6 297.7 531.6 321.9 0.9661 0
34UC1479-20190615-093419.jpg 435.3 297.6 531.6 321.9 0.8485 0
34UC1479-20190615-093420.jpg 435.6 297.7 531.5 321.8 0.9585 0
34UC1479-20190615-093423.jpg 435.5 297.7 531.3 321.8 0.9548 0
34UC1479-20190615-093424.jpg 435.4 297.7 531.5 321.8 0.9329 0
34UC1479-20190615-093426.jpg 435.7 297.7 531.5 321.8 0.9635 0
34UC1479-20190615-093428.jpg 435.4 297.7 531.5 321.8 0.9184 0
34UC1479-20190615-093429.jpg 435.7 297.6 531.6 321.8 0.9635 0
34UC1479-20190615-093547.jpg 435.1 297.8 531.2 322.6 0.7208 0
34UC1479-20190615-093548.jpg 435.0 297.8 531.2 322.5 0.8761 0
34UC1479-20190615-093550.jpg 435.5 298.0 532.0 322.3 0.9627 0
34UC1479-20190615-093555.jpg 435.4 297.2 531.2 321.9 0.9433 0
34UC1479-20190615-093558.jpg 435.2 297.7 530.9 322.2 0.8513 0
34UC1479-20190615-093559.jpg 435.6 297.8 531.4 322.1 0.9469 0
34UC1479-20190615-093601.jpg 435.6 297.7 532.2 322.2 0.9480 0
34UC1479-20190615-093602.jpg 435.3 296.2 532.0 321.0 0.8136 0
34UC1479-20190615-093604.jpg 470.6 322.3 584.7 350.6 0.8885 0
34UC1479-20190615-093605.jpg 475.1 323.7 589.5 352.6 0.9250 0
34UC1479-20190615-093608.jpg 473.9 323.0 586.5 351.0 0.9467 0
34UC1479-20190615-093608.jpg 1151.2 384.5 1281.8 425.7 0.8926 0
34UC149-20190615-093609.jpg 542.4 354.7 680.0 389.4 0.9537 0
34UC179-20190615-093416.jpg 435.9 297.6 531.0 321.7 0.9644 0
34UC179-20190615-093420.jpg 435.0 297.6 531.1 321.9 0.8684 0
34UC179-20190615-093421.jpg 435.8 297.7 531.4 321.7 0.9634 0
34UC179-20190615-093424.jpg 435.4 297.7 531.4 321.8 0.9383 0
34UC179-20190615-093426.jpg 435.7 297.7 531.5 321.8 0.9640 0
34UC179-20190615-093428.jpg 435.7 297.6 531.6 321.8 0.9628 0
34UC179-20190615-093433.jpg 435.0 297.1 531.1 321.8 0.9461 0
34UC179-20190615-093440.jpg 435.5 297.6 531.5 321.8 0.9297 0
34UC179-20190615-093445.jpg 434.6 297.1 531.3 321.6 0.9540 0
34UC179-20190615-093459.jpg 433.9 296.0 531.0 320.9 0.9421 0
34UC179-20190615-093504.jpg 434.1 296.0 530.8 320.8 0.8902 0
34UC179-20190615-093504.jpg 955.1 309.4 1058.1 338.2 0.8008 0
34UC179-20190615-093509.jpg 434.0 295.9 530.8 320.9 0.9399 0
34UC179-20190615-093510.jpg 434.0 296.0 530.9 320.9 0.9415 0
34UC179-20190615-093511.jpg 433.7 296.0 531.0 320.9 0.9430 0
34UC179-20190615-093513.jpg 433.8 296.0 531.0 321.1 0.9402 0
34UC179-20190615-093516.jpg 433.9 295.9 531.0 321.2 0.9401 0
34UC179-20190615-093524.jpg 434.4 296.4 531.1 321.3 0.9518 0
34UC179-20190615-093528.jpg 434.1 296.7 531.2 321.8 0.9500 0
34UC179-20190615-093538.jpg 435.1 297.8 531.5 322.3 0.8222 0
34UC179-20190615-093542.jpg 435.2 298.0 531.3 322.2 0.8434 0
34UC179-20190615-093547.jpg 434.9 297.8 531.2 322.6 0.8918 0
34UC179-20190615-093548.jpg 435.2 297.9 532.0 322.3 0.9190 0
34UC179-20190615-093550.jpg 435.7 297.9 531.6 322.2 0.9628 0
34UC179-20190615-093555.jpg 435.0 297.4 531.3 322.2 0.9542 0
34UC179-20190615-093559.jpg 435.5 297.8 531.4 322.2 0.9225 0
34UC179-20190615-093600.jpg 435.5 297.7 531.5 322.1 0.8891 0
34UC179-20190615-093601.jpg 435.7 297.2 532.1 321.8 0.9386 0
34UC179-20190615-093605.jpg 474.9 323.7 589.6 352.3 0.9199 0
34UC179-20190615-093609.jpg 506.7 329.8 630.2 362.0 0.9457 0
34UC799-20190615-190115.jpg 466.2 276.2 561.5 299.8 0.9428 0
34UC7994-20190615-190117.jpg 719.9 357.5 862.8 394.2 0.9326 0
34UCI09-20190615-093509.jpg 434.0 295.9 530.8 320.9 0.9399 0
34UCI479-20190615-093419.jpg 435.3 297.6 531.6 321.9 0.8854 0
34UCI479-20190615-093422.jpg 435.8 297.7 531.4 321.7 0.9633 0
34UCI479-20190615-093426.jpg 435.7 297.7 531.4 321.7 0.9619 0
34UCI479-20190615-093428.jpg 435.8 297.7 531.5 321.8 0.9632 0
34UCI79-20190615-093523.jpg 434.3 296.4 531.2 321.3 0.9516 0
34UD532-20190615-190105.jpg 638.7 261.0 717.1 285.5 0.8701 0
34UDH95-20190615-083855.jpg 632.9 324.2 749.7 351.6 0.7281 0
34UDH95-20190615-083855.jpg 633.0 324.1 749.5 351.7 0.7056 0
34UDH96-20190615-082402.jpg 742.9 352.6 881.5 384.7 0.9533 0
34UDH96-20190615-083856.jpg 943.9 427.2 1130.4 472.0 0.9320 0
34UDH96-20190615-145430.jpg 651.0 286.5 726.3 309.9 0.9236 0
34UDH96-20190615-145431.jpg 807.9 320.6 917.1 350.8 0.9377 0
34UDH96-20190615-145432.jpg 911.3 356.8 1037.5 390.8 0.9444 0
34UDH96-20190615-221404.jpg 690.9 361.1 836.7 400.0 0.9355 0
34UE179-20190615-093415.jpg 434.3 297.2 530.6 321.6 0.9538 0
34UE179-20190615-093422.jpg 435.8 297.7 531.4 321.7 0.9647 0
34UE179-20190615-093440.jpg 435.4 297.7 531.5 321.9 0.8656 0
34UH012-20190615-210409.jpg 548.7 292.2 652.7 319.6 0.9378 0
34UH0126-20190615-124640.jpg 676.9 295.9 779.9 325.2 0.9285 0
34UH0126-20190615-124641.jpg 884.3 348.4 1022.7 386.6 0.9115 0
34UH0126-20190615-210409.jpg 565.4 307.0 680.0 336.1 0.9513 0
34UH026-20190615-124640.jpg 595.8 279.6 686.7 306.1 0.9347 0
34UH250-20190615-193300.jpg 343.2 282.7 433.3 305.2 0.9453 0
34UH250-20190615-193304.jpg 353.5 289.7 449.5 313.4 0.9488 0
34UH260-20190615-193303.jpg 353.5 289.7 449.6 313.5 0.9489 0
34UH260-20190615-193308.jpg 380.8 296.0 484.5 322.2 0.9574 0
34UH7439-20190615-192626.jpg 600.2 342.3 721.5 372.2 0.9397 0
34UH7859-20190615-013438.jpg 590.9 321.4 715.6 354.8 0.9416 0
34UH7859-20190615-220032.jpg 554.9 327.5 683.1 364.1 0.9429 0
34UHD126-20190615-124641.jpg 781.5 313.0 900.1 347.1 0.9187 0
34UI859-20190615-013438.jpg 543.7 309.4 656.7 341.5 0.9452 0
34UK155-20190615-080914.jpg 341.1 234.2 431.4 256.6 0.9188 0
34UK1555-20190615-145328.jpg 573.2 326.5 690.3 356.3 0.9220 0
34UK1556-20190615-080915.jpg 293.2 229.9 382.4 251.8 0.7765 0
34UK1566-20190615-080916.jpg 267.4 221.6 354.0 244.8 0.9192 0
34UK1566-20190615-145327.jpg 538.2 310.6 648.5 339.2 0.9258 0
34UK1566-20190615-145328.jpg 637.5 329.0 766.9 362.7 0.9342 0
34UL739-20190615-124733.jpg 634.8 330.2 742.4 357.5 0.9610 0
34UL7390-20190615-124731.jpg 497.8 310.6 595.8 335.6 0.9507 0
34UL7390-20190615-124733.jpg 668.7 327.8 781.0 356.3 0.9552 0
34UN7439-20190615-192626.jpg 661.1 367.1 790.5 398.5 0.6464 0
34UO757-20190615-065755.jpg 892.9 222.3 965.6 243.3 0.9153 0
34UOH95-20190615-082402.jpg 684.8 328.3 807.8 358.0 0.9533 0
34UOH95-20190615-145432.jpg 840.7 333.4 953.6 364.4 0.9389 0
34UOH96-20190615-082401.jpg 625.2 303.7 730.3 329.5 0.9320 0
34UOH96-20190615-083856.jpg 838.2 402.7 999.2 440.8 0.9465 0
34UOH96-20190615-145431.jpg 742.8 305.0 837.3 331.9 0.9370 0
34UOH96-20190615-145432.jpg 870.4 341.7 991.3 374.0 0.9530 0
34UOH96-20190615-221404.jpg 613.2 324.2 746.3 360.1 0.9429 0
34UOH96-20190615-221405.jpg 728.7 383.2 886.3 423.6 0.9406 0
34UT0215-20190615-203044.jpg 472.9 321.3 580.2 351.1 0.9320 0
34UT0216-20190615-203045.jpg 481.8 325.0 591.6 354.8 0.9297 0
34UT0216-20190615-203046.jpg 482.5 323.1 591.8 352.6 0.9300 0
34UT0216-20190615-203048.jpg 493.4 330.1 604.7 358.1 0.9320 0
34UT0216-20190615-203050.jpg 608.6 362.3 745.1 394.2 0.9434 0
34UT2759-20190615-141627.jpg 332.5 288.0 416.5 311.2 0.8738 0
34UT2759-20190615-141635.jpg 593.7 342.7 714.0 375.8 0.9315 0
34UTO216-20190615-203045.jpg 482.4 323.0 591.7 353.1 0.9331 0
34UTO216-20190615-203048.jpg 491.0 328.6 601.7 357.0 0.9361 0
34UTO216-20190615-203050.jpg 573.3 355.6 703.4 387.5 0.9421 0
34UTZ759-20190615-141635.jpg 852.8 411.9 1013.9 453.7 0.9340 0
34UU7455-20190615-150900.jpg 624.5 337.1 765.0 371.5 0.9583 0
34UU746-20190615-100041.jpg 575.8 293.9 682.4 321.4 0.9296 0
34UU7465-20190615-100042.jpg 665.0 319.7 797.3 352.1 0.9439 0
34UU7465-20190615-150900.jpg 675.5 367.1 834.4 406.0 0.9357 0
34UU7465-20190615-174954.jpg 1186.5 248.5 1272.9 274.8 0.8340 0
34UU755-20190615-100041.jpg 548.6 279.9 649.0 306.7 0.9113 0
34UU755-20190615-121501.jpg 843.3 225.2 925.1 248.7 0.9264 0
34UU755-20190615-150859.jpg 532.5 283.4 637.0 310.4 0.9006 0
34UU8723-20190615-152221.jpg 349.4 302.5 453.3 332.2 0.9009 0
34UU8723-20190615-152222.jpg 351.3 300.9 455.5 330.9 0.5470 0
34UU8723-20190615-152223.jpg 351.5 301.0 456.0 331.2 0.8697 0
34UU8723-20190615-152226.jpg 350.9 300.8 456.4 330.5 0.5932 0
34UU8723-20190615-152233.jpg 351.1 300.9 456.5 330.8 0.7018 0
34UU8723-20190615-152234.jpg 351.3 300.8 456.3 330.8 0.8034 0
34UU8723-20190615-152237.jpg 351.5 300.9 456.5 330.7 0.9134 0
34UU8723-20190615-152239.jpg 351.2 301.0 456.4 330.8 0.7231 0
34UU8723-20190615-152241.jpg 351.4 301.0 456.4 330.8 0.8708 0
34UU8723-20190615-152242.jpg 371.3 300.9 478.5 331.1 0.8897 0
34UU8723-20190615-152243.jpg 502.2 319.6 618.5 349.2 0.9162 0
34UU8750-20190615-192245.jpg 710.6 326.7 833.1 358.7 0.9415 0
34UUB723-20190615-152230.jpg 351.4 301.0 456.6 330.8 0.9202 0
34UUB723-20190615-152231.jpg 351.4 301.0 456.5 330.9 0.9211 0
34UUB723-20190615-152232.jpg 351.1 300.9 456.5 330.8 0.6757 0
34UUB723-20190615-152233.jpg 351.1 300.9 456.5 330.9 0.7583 0
34UUB723-20190615-152235.jpg 351.4 300.8 456.3 330.8 0.8760 0
34UUB723-20190615-152239.jpg 351.2 301.0 456.4 330.8 0.7305 0
34UUB723-20190615-152240.jpg 351.4 301.0 456.4 330.8 0.8565 0
34UUB723-20190615-152242.jpg 360.2 300.0 465.8 330.1 0.8875 0
34UUB723-20190615-152243.jpg 462.2 313.1 575.8 343.7 0.9179 0
34UUB723-20190615-152244.jpg 775.4 396.1 938.5 435.1 0.9391 0
34UV4383-20190615-080721.jpg 692.4 360.4 828.2 395.1 0.9380 0
34UV5036-20190615-143733.jpg 432.6 277.3 527.3 302.6 0.9112 0
34UV6035-20190615-143737.jpg 646.1 307.4 768.1 338.6 0.9483 0
34UV6036-20190615-143735.jpg 488.1 287.1 590.3 313.5 0.9108 0
34UV6036-20190615-143736.jpg 543.8 292.0 653.4 321.2 0.9067 0
34UV6036-20190615-143737.jpg 621.4 295.6 739.4 325.7 0.9361 0
34UV6036-20190615-143738.jpg 739.5 339.0 879.2 374.3 0.9304 0
34UV8912-20190615-174028.jpg 701.5 344.0 822.7 374.1 0.8556 0
34UV9778-20190615-215127.jpg 749.7 376.6 874.3 408.1 0.9443 0
34UVB912-20190615-174027.jpg 494.0 287.8 584.6 312.7 0.9060 0
34UVB912-20190615-174029.jpg 873.2 396.1 1020.9 432.4 0.9195 0
34UVG035-20190615-143736.jpg 560.4 296.3 671.4 326.7 0.9187 0
34UZ134-20190615-025756.jpg 883.0 424.2 1067.8 476.3 0.9399 0
34UZ135-20190615-025754.jpg 568.4 306.4 676.2 334.4 0.9481 0
34UZ135-20190615-025755.jpg 682.4 351.5 821.2 386.7 0.9282 0
34UZ135-20190615-101320.jpg 900.3 218.3 977.6 240.8 0.9171 0
34UZ135-20190615-114521.jpg 760.7 357.3 895.3 392.9 0.9240 0
34UZ135-20190615-143829.jpg 518.6 290.5 610.8 314.8 0.9200 0
34UZ135-20190615-151310.jpg 550.8 300.4 649.2 325.3 0.9056 0
34UZ135-20190615-194716.jpg 838.6 215.2 909.3 236.3 0.8981 0
34UZ1354-20190615-025755.jpg 656.1 339.1 786.3 371.7 0.9251 0
34UZ1354-20190615-025756.jpg 746.7 372.4 899.8 414.0 0.9339 0
34UZ1354-20190615-114521.jpg 970.3 412.9 1141.3 456.9 0.9223 0
34UZ1354-20190615-143830.jpg 781.8 395.0 935.5 433.4 0.9395 0
34UZ1354-20190615-151310.jpg 595.5 320.9 704.0 347.4 0.9355 0
34UZ1354-20190615-151311.jpg 728.4 366.5 863.8 400.2 0.9427 0
34UZ1354-20190615-195721.jpg 703.4 322.4 812.8 350.2 0.9542 0
34UZ208-20190615-225248.jpg 699.0 373.1 840.3 418.0 0.9240 0
34UZ2591-20190615-004049.jpg 655.5 316.6 772.4 350.1 0.9473 0
34UZ2591-20190615-221130.jpg 698.0 360.6 846.5 402.8 0.9225 0
34UZ3577-20190615-182607.jpg 469.7 277.0 565.5 300.1 0.9383 0
34UZ3577-20190615-182609.jpg 482.0 279.8 579.6 303.8 0.9478 0
34UZ3577-20190615-182612.jpg 482.4 279.9 579.5 303.6 0.9484 0
34UZ3577-20190615-182614.jpg 482.0 279.9 579.2 303.4 0.9534 0
34UZ3577-20190615-182617.jpg 482.6 279.8 579.7 303.4 0.9504 0
34UZ3677-20190615-182614.jpg 482.0 279.9 579.2 303.5 0.9530 0
34UZ3677-20190615-182615.jpg 482.2 279.8 579.3 303.1 0.9521 0
34UZ3677-20190615-182618.jpg 488.7 278.0 587.9 301.8 0.9361 0
34UZ5328-20190615-230713.jpg 521.2 293.3 621.0 320.1 0.9376 0
34UZ5613-20190615-174005.jpg 542.2 304.2 636.8 327.8 0.9232 0
34UZ6208-20190615-134428.jpg 700.0 388.5 847.5 426.7 0.9258 0
34UZ6208-20190615-225249.jpg 755.3 382.6 906.7 431.0 0.8392 0
34UZ6613-20190615-174006.jpg 698.0 348.7 819.6 378.3 0.9442 0
34UZ6613-20190615-174007.jpg 786.6 383.6 922.9 416.9 0.9489 0
34UZ663-20190615-174007.jpg 915.1 422.4 1076.1 461.2 0.9039 0
34UZ9557-20190615-190027.jpg 488.3 286.5 577.1 313.1 0.8932 0
34UZ9557-20190615-190028.jpg 618.6 334.2 740.1 367.6 0.9383 0
34UZ9557-20190615-190029.jpg 818.0 407.2 986.4 451.0 0.9298 0
34UZG613-20190615-174006.jpg 739.6 363.0 868.6 393.8 0.9121 0
34UZZ591-20190615-221130.jpg 763.5 385.7 923.6 430.1 0.9248 0
34VB2704-20190615-131536.jpg 682.4 319.4 785.6 344.6 0.9355 0
34VB2704-20190615-145513.jpg 897.2 228.7 970.5 250.2 0.9132 0
34VB2704-20190615-160427.jpg 566.6 290.4 654.6 313.1 0.9271 0
34VB2704-20190615-202119.jpg 881.5 223.8 953.6 245.2 0.9194 0
34VB2704-20190615-204330.jpg 888.4 391.2 1037.8 427.5 0.9425 0
34VH0567-20190615-192229.jpg 449.0 290.6 538.4 314.7 0.9037 0
34VH0667-20190615-192231.jpg 678.6 354.5 797.0 385.8 0.9517 0
34VH0667-20190615-192232.jpg 929.6 430.3 1093.9 471.9 0.9191 0
34VH0667-20190615-233522.jpg 786.8 433.3 968.8 479.7 0.8703 0
34VHD667-20190615-192231.jpg 650.7 341.1 767.9 372.0 0.9452 0
34VHD667-20190615-233521.jpg 509.1 351.8 645.1 385.4 0.9356 0
34VHD667-20190615-233522.jpg 739.8 416.2 911.0 460.1 0.9377 0
34VHO657-20190615-192231.jpg 609.9 320.8 721.7 350.4 0.9388 0
34VHO657-20190615-192232.jpg 806.7 393.2 947.0 430.0 0.9288 0
34VHO667-20190615-192231.jpg 746.5 373.9 875.4 408.0 0.9407 0
34VN1795-20190615-222805.jpg 658.4 368.0 803.8 406.2 0.9273 0
34VV7274-20190615-180116.jpg 502.7 304.3 601.5 332.2 0.9212 0
34VV8235-20190615-173427.jpg 830.4 366.1 968.7 401.2 0.6909 0
34VVB235-20190615-173427.jpg 761.5 340.3 888.6 373.0 0.9434 0
34VZ6189-20190615-124614.jpg 544.5 284.7 629.1 306.5 0.9282 0
34XE0210-20190615-182117.jpg 600.3 290.4 694.5 313.8 0.9333 0
34Y1855-20190615-001404.jpg 636.3 368.0 769.0 400.6 0.9383 0
34Y1855-20190615-142914.jpg 372.8 304.3 472.0 329.9 0.6087 0
34Y3377-20190615-194120.jpg 460.9 273.5 542.3 296.4 0.9097 0
34Y3377-20190615-194121.jpg 524.1 286.5 615.4 311.3 0.9366 0
34Y3377-20190615-194122.jpg 615.8 305.7 717.2 332.2 0.9394 0
34Y5841-20190615-223322.jpg 573.9 290.0 676.8 315.8 0.9462 0
34Y8235-20190615-173426.jpg 533.9 279.8 617.7 301.3 0.9083 0
34YC156-20190615-210603.jpg 746.6 312.4 882.2 356.2 0.9271 0
34YC1565-20190615-210603.jpg 859.2 351.5 1017.7 401.6 0.9111 0
34YC1666-20190615-210603.jpg 798.8 332.0 943.0 379.0 0.9421 0
34YC932-20190615-125016.jpg 660.7 318.6 781.1 349.0 0.9188 0
34YC932-20190615-195856.jpg 546.2 274.8 634.0 298.5 0.9134 0
34YH0667-20190615-233520.jpg 400.5 319.4 515.1 347.2 0.9497 0
34YH0667-20190615-233522.jpg 587.0 376.5 732.7 413.3 0.9478 0
34YJ155-20190615-094105.jpg 515.9 369.6 651.3 413.9 0.9551 0
34YJ155-20190615-094156.jpg 515.8 369.2 651.0 413.2 0.9562 0
34YJ155-20190615-094202.jpg 516.1 369.3 651.0 413.3 0.9562 0
34YJ1655-20190615-001402.jpg 536.8 328.7 646.4 356.0 0.9444 0
34YJ185-20190615-001403.jpg 593.1 345.3 717.3 376.0 0.9539 0
34YJ185-20190615-001404.jpg 689.2 392.7 830.8 426.8 0.9381 0
34YJ1855-20190615-001403.jpg 573.8 339.8 692.7 368.8 0.9396 0
34YJ1855-20190615-094050.jpg 446.1 336.2 560.5 370.3 0.9344 0
34YJ1855-20190615-094056.jpg 515.6 369.4 651.2 413.5 0.9556 0
34YJ1855-20190615-094101.jpg 515.9 369.7 651.5 414.0 0.9549 0
34YJ1855-20190615-094105.jpg 516.0 369.7 651.3 414.0 0.9548 0
34YJ1855-20190615-094111.jpg 515.7 369.7 651.2 413.9 0.9550 0
34YJ1855-20190615-094116.jpg 516.1 369.6 651.2 413.7 0.9544 0
34YJ1855-20190615-094121.jpg 515.8 369.6 651.2 414.0 0.9548 0
34YJ1855-20190615-094126.jpg 515.8 369.6 651.1 413.8 0.9552 0
34YJ1855-20190615-094132.jpg 515.8 369.6 651.1 414.1 0.9555 0
34YJ1855-20190615-094137.jpg 515.9 369.6 651.2 413.8 0.9552 0
34YJ1855-20190615-094142.jpg 515.6 369.5 651.1 414.0 0.9563 0
34YJ1855-20190615-094148.jpg 515.7 369.4 651.2 413.6 0.9540 0
34YJ1855-20190615-094153.jpg 515.8 369.3 651.2 413.2 0.9552 0
34YJ1855-20190615-094156.jpg 515.8 369.3 651.0 413.2 0.9559 0
34YJ1855-20190615-094203.jpg 515.9 369.4 650.9 413.3 0.9566 0
34YJ1855-20190615-094208.jpg 625.0 422.1 796.4 475.3 0.9575 0
34YJ1855-20190615-121622.jpg 813.5 245.3 894.0 269.4 0.9269 0
34YJ1855-20190615-121954.jpg 407.9 324.1 514.7 356.3 0.9274 0
34YJ1855-20190615-142913.jpg 372.9 304.1 470.9 328.5 0.7907 0
34YJ1855-20190615-175159.jpg 506.3 316.1 610.9 347.5 0.9369 0
34YJB55-20190615-001403.jpg 556.0 336.3 668.8 364.6 0.9577 0
34YK644-20190615-115351.jpg 614.6 325.7 726.3 355.2 0.9304 0
34YK644-20190615-115352.jpg 825.4 394.8 978.2 434.8 0.9355 0
34YK644-20190615-205824.jpg 592.4 324.7 713.5 355.7 0.9416 0
34YK7305-20190615-083557.jpg 316.1 317.6 408.3 341.1 0.9327 0
34YK7305-20190615-083605.jpg 459.6 340.1 563.0 365.1 0.9522 0
34YK7305-20190615-083822.jpg 867.1 272.6 944.9 294.2 0.9266 0
34YKG44-20190615-115352.jpg 785.7 382.6 930.2 420.2 0.9356 0
34YKG44-20190615-205824.jpg 583.2 323.1 703.4 353.4 0.9431 0
34YL445-20190615-180231.jpg 363.9 292.3 465.4 323.0 0.8938 0
34YL4451-20190615-180224.jpg 353.2 292.0 449.6 321.7 0.9094 0
34YL4451-20190615-180225.jpg 353.1 292.0 449.7 321.7 0.9128 0
34YL4451-20190615-180226.jpg 352.6 292.1 449.6 321.6 0.9158 0
34YL4451-20190615-180227.jpg 353.0 291.9 449.8 321.8 0.9073 0
34YL4451-20190615-180228.jpg 353.0 292.0 449.9 321.8 0.9106 0
34YL4451-20190615-180229.jpg 353.1 291.9 449.8 321.8 0.9090 0
34YL4451-20190615-180230.jpg 352.3 291.9 449.7 322.0 0.9056 0
34YL4451-20190615-180231.jpg 391.4 295.5 497.4 326.9 0.9152 0
34YL446-20190615-180221.jpg 352.9 293.1 449.1 322.5 0.9133 0
34YL4461-20190615-180221.jpg 352.7 292.0 449.6 321.5 0.9120 0
34YL4461-20190615-180225.jpg 352.9 292.0 449.7 321.7 0.9133 0
34YL4461-20190615-180226.jpg 352.8 292.1 449.7 321.7 0.9133 0
34YL4461-20190615-180228.jpg 353.1 292.0 449.8 321.8 0.9102 0
34YL4461-20190615-180229.jpg 353.2 292.0 449.7 321.8 0.9097 0
34YL4461-20190615-180230.jpg 352.5 291.9 449.8 322.0 0.9063 0
34YL4461-20190615-180232.jpg 458.2 309.7 574.6 341.7 0.6427 0
34YL4461-20190615-180232.jpg 458.3 309.7 574.4 341.6 0.5272 0
34YL4467-20190615-180233.jpg 628.8 343.8 760.8 376.8 0.9384 0
34YL4467-20190615-181414.jpg 377.7 285.2 469.1 309.3 0.9065 0
34YM3377-20190615-194121.jpg 565.2 294.4 662.9 320.1 0.9232 0
34YM3377-20190615-194123.jpg 733.4 337.1 854.6 369.7 0.9461 0
34YN1795-20190615-222805.jpg 545.6 316.0 658.3 343.7 0.9426 0
34YOY05-20190615-153407.jpg 545.7 294.0 641.1 318.3 0.9234 0
34YOY05-20190615-153408.jpg 589.3 312.7 698.6 340.5 0.9467 0
34YOY06-20190615-121619.jpg 718.1 354.7 857.8 388.3 0.9540 0
34YOY06-20190615-153407.jpg 564.1 302.2 664.9 327.3 0.8808 0
34YP147-20190615-191116.jpg 404.3 291.2 487.1 312.9 0.8926 0
34YP7580-20190615-145959.jpg 520.9 302.6 624.9 329.9 0.8660 0
34YS149-20190615-141105.jpg 612.3 301.6 727.0 328.7 0.8624 0
34YS149-20190615-161759.jpg 274.2 300.3 365.3 324.1 0.8435 0
34YS149-20190615-161800.jpg 274.2 300.3 365.3 324.1 0.8415 0
34YT1422-20190615-143339.jpg 366.6 308.4 468.3 336.2 0.9091 0
34YT1772-20190615-175302.jpg 575.1 310.5 680.6 339.7 0.9516 0
34YT1772-20190615-181526.jpg 816.3 212.7 888.1 234.4 0.8808 0
34YT1772-20190615-203822.jpg 642.8 362.9 791.1 402.9 0.9392 0
34YT422-20190615-143316.jpg 361.8 296.4 457.6 322.9 0.9079 0
34YT422-20190615-143321.jpg 366.1 308.4 468.3 336.0 0.9066 0
34YT422-20190615-143322.jpg 366.2 308.4 468.3 336.1 0.9068 0
34YT422-20190615-143324.jpg 366.4 308.5 468.2 336.1 0.9064 0
34YT422-20190615-143330.jpg 366.7 308.4 468.3 336.0 0.9108 0
34YT422-20190615-143333.jpg 366.6 308.3 468.3 336.2 0.9085 0
34YT422-20190615-143339.jpg 366.4 308.3 468.3 336.1 0.9086 0
34YT422-20190615-143347.jpg 366.7 308.6 468.2 336.1 0.9074 0
34YT550-20190615-164129.jpg 571.2 298.1 666.2 321.9 0.9093 0
34YT550-20190615-230522.jpg 451.5 313.8 559.5 340.8 0.9527 0
34YT5504-20190615-164129.jpg 694.2 334.2 812.1 363.3 0.8265 0
34YT5504-20190615-185744.jpg 861.6 325.8 974.9 354.1 0.9139 0
34YT5504-20190615-230523.jpg 572.8 353.0 708.5 388.0 0.9321 0
34Z0474-20190615-161905.jpg 732.0 298.3 825.1 323.1 0.9258 0
34Z3271-20190615-092930.jpg 537.9 283.7 625.7 309.9 0.9305 0
34Z3271-20190615-095323.jpg 519.4 282.4 605.9 308.7 0.9281 0
34Z3271-20190615-142228.jpg 507.1 281.3 596.2 308.3 0.9385 0
34Z3271-20190615-173612.jpg 416.3 271.3 498.3 298.3 0.9056 0
34Z3271-20190615-195432.jpg 560.8 284.2 653.2 314.0 0.9310 0
34Z6189-20190615-124618.jpg 544.8 284.7 629.2 306.3 0.9319 0
34Z8705-20190615-074704.jpg 291.2 268.2 365.7 288.4 0.9267 0
34Z8705-20190615-074741.jpg 290.5 268.8 365.0 289.0 0.9401 0
34Z8706-20190615-074745.jpg 558.4 316.0 651.3 340.8 0.9243 0
34ZA5771-20190615-161807.jpg 273.4 300.2 366.0 324.1 0.6673 0
34ZA5771-20190615-161808.jpg 273.4 300.0 366.0 323.8 0.6123 0
34ZA5771-20190615-161808.jpg 273.4 300.1 366.0 324.0 0.6107 0
34ZB705-20190615-074718.jpg 291.4 264.6 365.4 284.5 0.9269 0
34ZR900-20190615-133218.jpg 590.1 302.6 690.2 332.4 0.9428 0
34ZR900-20190615-133219.jpg 762.0 366.3 898.3 403.6 0.9410 0
34ZR9001-20190615-133218.jpg 635.4 320.9 744.6 352.1 0.9498 0
34ZS6202-20190615-082158.jpg 898.9 220.5 972.9 240.8 0.9310 0
34ZS6202-20190615-083006.jpg 526.3 282.1 626.1 306.2 0.9431 0
34ZS6202-20190615-130932.jpg 685.8 355.9 836.7 393.3 0.9295 0
34ZS6202-20190615-235627.jpg 903.3 342.5 1053.1 383.8 0.5895 0
34ZU454-20190615-203135.jpg 808.0 370.2 950.0 408.4 0.9427 0
34ZU464-20190615-203133.jpg 533.7 290.2 629.7 318.4 0.9278 0
34ZU464-20190615-203135.jpg 870.7 386.7 1022.3 427.9 0.9357 0
34ZV2278-20190615-185221.jpg 669.6 337.9 797.1 372.1 0.8442 0
34ZY128-20190615-090837.jpg 762.3 398.7 927.3 443.3 0.9160 0
34ZY1286-20190615-090836.jpg 1132.3 300.5 1221.7 326.4 0.8903 0
34ZY1286-20190615-090836.jpg 609.3 354.0 745.4 391.1 0.8804 0
34ZY1286-20190615-090837.jpg 669.5 369.9 817.9 410.0 0.9150 0
34ZY728-20190615-090837.jpg 637.4 368.3 777.0 406.6 0.9111 0
34ZY728-20190615-090837.jpg 1071.1 293.3 1157.4 317.5 0.8716 0
34ZYI28-20190615-090836.jpg 517.9 314.9 644.5 349.5 0.9039 0
35CD151-20190615-214555.jpg 589.7 278.6 681.4 303.3 0.9325 0
35D0151-20190615-214556.jpg 586.0 303.2 691.8 328.6 0.9396 0
35D0151-20190615-214557.jpg 598.2 310.0 711.1 336.4 0.9498 0
35DC513-20190615-144301.jpg 407.8 308.0 511.6 335.5 0.9499 0
35DC513-20190615-182941.jpg 449.9 283.3 542.5 310.3 0.9373 0
35DC5153-20190615-000320.jpg 499.6 304.4 606.8 330.6 0.9307 0
35DC5153-20190615-144301.jpg 381.8 294.6 477.6 321.4 0.9471 0
35DC5153-20190615-144302.jpg 514.3 364.4 653.3 399.5 0.9438 0
35DC5153-20190615-144303.jpg 714.8 462.6 919.7 513.3 0.8682 0
35DC5153-20190615-182940.jpg 419.6 268.5 502.3 293.3 0.9027 0
35DC5153-20190615-182942.jpg 540.5 317.4 655.8 347.5 0.9390 0
35DC5153-20190615-194825.jpg 449.7 285.1 540.8 311.8 0.9178 0
35DC5153-20190615-194827.jpg 651.6 376.0 795.8 412.9 0.9493 0
35DC5163-20190615-000322.jpg 730.8 375.8 883.5 418.8 0.9410 0
35DC5163-20190615-144302.jpg 554.7 390.3 706.9 428.8 0.9486 0
35DC5163-20190615-182941.jpg 514.4 311.2 622.7 340.6 0.9473 0
35DC5163-20190615-182942.jpg 661.7 376.5 806.0 412.9 0.9382 0
35DC5163-20190615-194826.jpg 547.1 319.1 663.4 350.1 0.9459 0
35DD145-20190615-214557.jpg 683.2 339.1 814.8 370.5 0.9394 0
35DD1451-20190615-214558.jpg 792.7 373.6 944.1 411.5 0.9465 0
35DD151-20190615-214556.jpg 592.5 307.8 701.8 333.0 0.9413 0
35DD151-20190615-214558.jpg 754.8 364.2 900.7 400.7 0.9366 0
35DE1750-20190615-224057.jpg 395.9 309.1 501.7 336.2 0.9402 0
35DE1750-20190615-224058.jpg 491.5 344.5 623.8 378.9 0.9324 0
35DE5153-20190615-144302.jpg 468.9 336.2 591.4 368.1 0.9584 0
35DE750-20190615-224058.jpg 473.2 338.5 601.3 370.9 0.9320 0
35DE750-20190615-224059.jpg 587.0 384.1 741.4 421.0 0.9378 0
35DO151-20190615-214556.jpg 583.9 296.7 687.8 321.4 0.9504 0
35DSV52-20190615-124448.jpg 564.0 314.3 683.8 343.7 0.9294 0
35DSV52-20190615-193902.jpg 497.4 292.4 594.7 315.6 0.9401 0
35E8030-20190615-181423.jpg 542.9 326.7 663.9 355.7 0.9367 0
35EBO30-20190615-174210.jpg 831.2 218.1 906.3 240.5 0.8552 0
35EHC28-20190615-185231.jpg 845.7 262.3 928.6 286.8 0.9116 0
35EMC28-20190615-185231.jpg 837.0 256.6 919.3 281.9 0.9141 0
35EMC28-20190615-190148.jpg 509.1 300.9 608.0 330.4 0.9318 0
35EMH51-20190615-144558.jpg 923.3 409.2 1093.7 451.4 0.9381 0
35EMM51-20190615-122739.jpg 1174.1 231.7 1258.9 256.5 0.8148 0
35EMM51-20190615-122739.jpg 444.7 295.3 545.7 322.2 0.6747 0
35EMM51-20190615-144557.jpg 597.4 280.0 681.8 301.9 0.9259 0
35EMM51-20190615-164117.jpg 909.5 249.3 981.7 271.8 0.8815 0
35EMM51-20190615-205921.jpg 580.0 320.4 712.7 353.8 0.9493 0
35EMM51-20190615-213029.jpg 591.5 308.1 708.6 338.3 0.9474 0
35EMM51-20190615-231343.jpg 920.6 448.0 1135.6 500.4 0.9350 0
35H2640-20190615-154507.jpg 358.2 285.2 449.8 308.9 0.9281 0
35HM842-20190615-122027.jpg 543.7 306.4 651.7 332.6 0.9152 0
35J5759-20190615-202233.jpg 571.2 281.7 664.0 304.1 0.9183 0
35J7308-20190615-104508.jpg 311.6 282.7 392.3 303.4 0.9230 0
35J7308-20190615-104724.jpg 345.8 292.4 438.4 317.3 0.9569 0
35J7308-20190615-104829.jpg 348.3 292.5 438.0 315.7 0.9218 0
35J7308-20190615-104856.jpg 348.1 292.2 438.7 315.9 0.9247 0
35J7308-20190615-105113.jpg 349.3 294.3 439.3 315.7 0.9571 0
35KE8030-20190615-181427.jpg 607.9 326.1 727.0 356.7 0.9253 0
35KEB030-20190615-181427.jpg 649.5 384.3 805.6 422.3 0.9443 0
35KG797-20190615-184208.jpg 526.7 281.5 613.2 305.4 0.8952 0
35LU315-20190615-180803.jpg 391.6 306.5 487.8 336.5 0.9134 0
35LU315-20190615-180806.jpg 406.5 312.1 507.4 342.7 0.8792 0
35LU315-20190615-180806.jpg 1248.1 374.6 1280.2 407.9 0.7092 0
35LU315-20190615-180807.jpg 407.0 311.8 507.4 342.8 0.9101 0
35LU315-20190615-180810.jpg 441.8 318.1 549.1 349.4 0.9222 0
35LU315-20190615-180811.jpg 468.8 334.7 584.6 367.8 0.9262 0
35LU316-20190615-180803.jpg 373.4 296.5 466.9 326.2 0.9377 0
35LU316-20190615-180804.jpg 399.4 310.2 496.9 339.4 0.9350 0
35LU316-20190615-180807.jpg 407.2 311.7 507.6 342.9 0.9219 0
35LU316-20190615-180810.jpg 463.3 331.9 576.9 364.9 0.9086 0
35LU316-20190615-180811.jpg 478.5 327.5 597.5 361.8 0.9239 0
35LU316-20190615-181200.jpg 886.2 266.5 965.7 290.1 0.9280 0
35OSV52-20190615-124448.jpg 541.1 309.6 650.3 335.6 0.9569 0
35Q1750-20190615-224057.jpg 424.3 320.0 538.5 348.6 0.9406 0
36BE6338-20190615-151110.jpg 236.6 298.5 325.7 320.2 0.9281 0
36GJ7308-20190615-105043.jpg 348.0 294.0 437.5 315.7 0.9541 0
36GJ7308-20190615-105058.jpg 348.1 293.9 437.8 315.7 0.9548 0
36J7308-20190615-104508.jpg 319.9 288.3 404.6 309.6 0.9012 0
36J7308-20190615-104540.jpg 347.5 292.2 438.1 316.2 0.9521 0
36J7308-20190615-104541.jpg 346.9 292.0 438.4 316.3 0.9563 0
36J7308-20190615-104544.jpg 346.3 291.9 438.6 316.4 0.9578 0
36J7308-20190615-104546.jpg 345.9 291.7 439.0 316.6 0.9570 0
36J7308-20190615-104547.jpg 346.0 291.7 438.5 316.4 0.9574 0
36J7308-20190615-104554.jpg 345.8 291.9 438.5 316.6 0.9583 0
36J7308-20190615-104555.jpg 345.8 291.9 438.5 316.6 0.9577 0
36J7308-20190615-104600.jpg 346.0 291.9 438.3 316.6 0.9581 0
36J7308-20190615-104611.jpg 345.9 291.9 438.5 316.7 0.9585 0
36J7308-20190615-104616.jpg 345.5 292.0 438.5 316.9 0.9574 0
36J7308-20190615-104622.jpg 345.8 292.0 438.7 316.9 0.9565 0
36J7308-20190615-104623.jpg 345.5 292.1 438.4 316.9 0.9572 0
36J7308-20190615-104631.jpg 346.3 292.2 438.5 317.0 0.9585 0
36J7308-20190615-104639.jpg 345.8 292.1 438.6 317.0 0.9595 0
36J7308-20190615-104644.jpg 345.8 292.2 438.6 317.1 0.9580 0
36J7308-20190615-104646.jpg 345.7 292.2 438.4 317.1 0.9585 0
36J7308-20190615-104648.jpg 345.7 292.2 438.4 317.1 0.9582 0
36J7308-20190615-104651.jpg 345.6 292.2 438.5 317.1 0.9581 0
36J7308-20190615-104653.jpg 345.5 292.2 438.6 317.2 0.9587 0
36J7308-20190615-104657.jpg 345.8 292.3 438.4 317.2 0.9553 0
36J7308-20190615-104703.jpg 345.9 292.3 438.6 317.2 0.9581 0
36J7308-20190615-104706.jpg 345.8 292.3 438.7 317.3 0.9595 0
36J7308-20190615-104759.jpg 347.8 294.2 437.9 316.0 0.9543 0
36J7308-20190615-104830.jpg 348.4 292.5 438.0 315.7 0.9221 0
36J7308-20190615-104844.jpg 347.9 292.2 438.2 315.8 0.9253 0
36J7308-20190615-104846.jpg 346.9 292.2 438.4 316.4 0.9389 0
36J7308-20190615-104849.jpg 346.8 292.4 438.9 317.0 0.9458 0
36J7308-20190615-104851.jpg 346.6 292.4 438.4 316.6 0.9406 0
36J7308-20190615-104855.jpg 347.3 292.2 438.3 316.3 0.9343 0
36J7308-20190615-104927.jpg 349.0 293.3 437.9 315.4 0.9288 0
36J7308-20190615-104945.jpg 346.3 292.0 438.9 317.1 0.9554 0
36J7308-20190615-104951.jpg 346.2 291.9 438.3 316.8 0.9560 0
36J7308-20190615-105011.jpg 345.8 292.2 439.0 317.1 0.9577 0
36J7308-20190615-105036.jpg 347.7 294.0 437.9 315.8 0.9552 0
36J7308-20190615-105037.jpg 347.7 294.0 438.0 315.8 0.9557 0
36J7308-20190615-105047.jpg 347.5 293.9 437.6 315.8 0.9536 0
36J7308-20190615-105048.jpg 348.5 294.1 437.8 315.7 0.9534 0
36J7308-20190615-105110.jpg 349.6 294.2 439.4 315.8 0.9579 0
36J7308-20190615-105112.jpg 349.2 294.2 439.4 315.7 0.9577 0
36J7308-20190615-105503.jpg 806.1 249.1 883.0 271.8 0.9380 0
36J7308-20190615-192128.jpg 287.3 299.9 379.6 321.9 0.9442 0
36J7308-20190615-192134.jpg 286.8 299.6 380.0 322.0 0.9438 0
36J7308-20190615-192137.jpg 287.1 299.8 379.9 321.9 0.9470 0
36J7308-20190615-192143.jpg 287.0 299.7 379.8 322.0 0.9452 0
36J7308-20190615-192145.jpg 287.0 299.7 379.7 321.7 0.9438 0
36J7308-20190615-193333.jpg 838.9 237.8 909.4 259.2 0.9253 0
36ST1323-20190615-011726.jpg 536.8 280.6 626.5 306.3 0.9378 0
37JI855-20190615-121622.jpg 856.4 250.0 939.6 275.2 0.9332 0
38DP038-20190615-195957.jpg 896.4 267.8 977.7 291.8 0.9307 0
38DT873-20190615-161145.jpg 470.2 260.3 555.4 283.1 0.9280 0
38E6338-20190615-151055.jpg 234.4 301.4 322.8 322.8 0.5888 0
38E6338-20190615-151057.jpg 236.0 298.2 325.9 319.8 0.9326 0
38E6338-20190615-151058.jpg 235.7 298.0 325.7 319.8 0.9339 0
38E6338-20190615-151059.jpg 235.8 298.1 325.8 319.8 0.9330 0
38E6338-20190615-151100.jpg 235.9 298.1 325.8 319.8 0.9343 0
38E6338-20190615-151101.jpg 235.9 298.0 325.8 319.9 0.9328 0
38E6338-20190615-151104.jpg 235.8 298.1 325.7 319.7 0.9329 0
38E6338-20190615-151106.jpg 235.9 298.1 325.5 319.8 0.9332 0
38E6338-20190615-151112.jpg 236.5 298.6 325.5 320.2 0.9291 0
38E6338-20190615-151113.jpg 236.5 298.2 326.6 319.9 0.9256 0
38EU982-20190615-004515.jpg 551.8 313.8 670.2 343.3 0.9021 0
38EU982-20190615-193054.jpg 501.6 277.9 587.9 303.0 0.9202 0
38EUS82-20190615-004514.jpg 493.6 293.4 598.8 319.4 0.9510 0
38GJ7308-20190615-104841.jpg 347.5 293.2 438.0 315.6 0.9311 0
38HE846-20190615-202403.jpg 340.8 308.4 432.1 329.9 0.9610 0
38HF245-20190615-151951.jpg 423.9 265.1 513.1 289.6 0.9406 0
38JJ008-20190615-190805.jpg 678.4 365.0 811.5 397.5 0.9342 0
38JU174-20190615-074124.jpg 866.1 250.2 938.6 270.2 0.9326 0
38JU174-20190615-231948.jpg 726.8 333.4 875.5 371.6 0.9120 0
38MA536-20190615-151645.jpg 653.7 291.1 745.6 315.5 0.8952 0
38N8751-20190615-152831.jpg 637.3 287.1 724.7 310.0 0.9226 0
38PR718-20190615-134502.jpg 444.0 276.1 535.0 297.8 0.9546 0
38PR718-20190615-134508.jpg 444.0 276.0 535.2 297.9 0.9498 0
38PR718-20190615-134541.jpg 1029.8 375.6 1182.5 412.3 0.9082 0
38PR718-20190615-134544.jpg 436.6 274.6 527.6 296.6 0.8967 0
38PR718-20190615-134546.jpg 437.7 275.1 528.9 296.9 0.9477 0
38PS533-20190615-173741.jpg 208.4 290.3 306.4 314.1 0.9557 0
38PS533-20190615-173800.jpg 208.7 290.4 306.5 314.1 0.9620 0
38PS533-20190615-173801.jpg 207.7 289.4 304.6 313.0 0.9606 0
38PS633-20190615-173733.jpg 205.5 293.4 302.3 316.3 0.9481 0
38PS633-20190615-173735.jpg 207.9 290.1 306.4 314.0 0.9576 0
38PS633-20190615-173736.jpg 208.0 290.1 306.3 314.0 0.9586 0
38PS633-20190615-173739.jpg 208.5 290.2 306.7 314.0 0.9572 0
38PS633-20190615-173740.jpg 208.5 290.3 306.4 314.1 0.9561 0
38PS633-20190615-173742.jpg 208.2 290.3 306.3 314.0 0.9578 0
38PS633-20190615-173747.jpg 208.3 290.4 306.5 314.1 0.9562 0
38PS633-20190615-173750.jpg 208.2 290.3 306.4 314.1 0.9571 0
38PS633-20190615-173752.jpg 208.3 290.3 306.6 314.0 0.9578 0
38PS633-20190615-173755.jpg 208.3 290.3 306.3 314.1 0.9561 0
38PS633-20190615-173756.jpg 208.2 290.3 306.4 314.1 0.9564 0
38PS633-20190615-173759.jpg 208.1 290.4 306.2 314.2 0.9565 0
38PS633-20190615-173800.jpg 208.6 290.4 306.6 314.1 0.9608 0
38PS633-20190615-173801.jpg 212.3 290.9 311.0 314.9 0.9540 0
38SD341-20190615-195423.jpg 651.6 374.5 779.8 404.2 0.9573 0
38SV324-20190615-092004.jpg 384.1 281.8 481.0 313.9 0.9568 0
38SV324-20190615-092005.jpg 384.2 281.8 481.0 313.8 0.9540 0
38T1117-20190615-224301.jpg 521.3 315.5 646.6 350.5 0.9531 0
38TZ474-20190615-174202.jpg 775.9 266.0 842.7 286.8 0.8931 0
38U3826-20190615-091437.jpg 443.1 296.0 541.5 322.5 0.8993 0
38U3826-20190615-170751.jpg 421.6 280.7 508.2 302.6 0.9244 0
38YH333-20190615-195724.jpg 701.4 288.8 785.5 312.7 0.9133 0
39DE599-20190615-133530.jpg 451.6 278.9 543.0 301.0 0.9164 0
39DE599-20190615-133533.jpg 474.5 288.7 574.8 311.8 0.9145 0
39DE599-20190615-140316.jpg 541.0 304.1 650.9 328.7 0.8743 0
39LM927-20190615-084355.jpg 882.8 225.6 958.0 248.2 0.9229 0
39LM927-20190615-100904.jpg 548.2 316.9 655.2 343.2 0.9188 0
39LM927-20190615-141714.jpg 538.2 307.4 643.2 333.4 0.9133 0
39SB993-20190615-170340.jpg 334.6 285.4 429.5 313.3 0.8868 0
39SB993-20190615-170346.jpg 335.3 284.2 429.6 311.6 0.9045 0
39SB993-20190615-170347.jpg 335.2 284.1 429.7 311.7 0.9059 0
39SB993-20190615-170349.jpg 334.9 284.2 429.4 311.7 0.9040 0
39SB993-20190615-170353.jpg 335.2 284.2 429.5 311.6 0.9073 0
39SB993-20190615-170357.jpg 335.5 284.2 429.7 311.6 0.9077 0
39SB993-20190615-170359.jpg 335.7 284.3 429.6 311.6 0.9056 0
39SB993-20190615-170402.jpg 335.1 284.3 429.6 311.7 0.9052 0
39SB993-20190615-170406.jpg 335.2 284.4 429.3 311.7 0.9026 0
39SB993-20190615-170408.jpg 548.2 325.2 666.5 354.6 0.9057 0
39SB993-20190615-170801.jpg 882.1 228.7 957.4 251.0 0.9031 0
40AU728-20190615-142915.jpg 1027.1 416.8 1188.7 465.5 0.9272 0
40AU728-20190615-142915.jpg 372.8 304.2 471.5 329.6 0.5965 0
40AU728-20190615-142918.jpg 373.0 304.3 470.3 328.2 0.8980 0
40AU728-20190615-142919.jpg 373.3 304.4 470.3 328.2 0.8975 0
40D5693-20190615-170819.jpg 508.4 294.5 602.5 318.5 0.8640 0
40J7308-20190615-104833.jpg 347.8 293.7 437.9 315.7 0.9431 0
40J7308-20190615-104940.jpg 347.1 292.0 438.2 316.6 0.9449 0
40L3722-20190615-090658.jpg 633.5 318.3 748.8 348.8 0.9564 0
40LQ949-20190615-203819.jpg 816.1 415.6 1001.0 461.4 0.9142 0
40U1352-20190615-180959.jpg 419.7 306.4 523.6 334.0 0.9517 0
40U1352-20190615-181009.jpg 419.5 306.4 523.5 333.9 0.9509 0
40U1352-20190615-181026.jpg 419.2 306.4 523.6 334.0 0.9531 0
40U1352-20190615-181029.jpg 419.6 306.3 523.6 334.0 0.9517 0
40U1352-20190615-181031.jpg 419.5 306.4 523.6 334.0 0.9519 0
40U1352-20190615-181033.jpg 419.2 306.3 523.6 334.0 0.9527 0
40U1352-20190615-181035.jpg 419.4 306.4 523.7 333.9 0.9524 0
40U1352-20190615-181037.jpg 419.3 306.5 523.6 334.0 0.9534 0
40Z1354-20190615-151311.jpg 693.5 349.6 822.8 381.5 0.9538 0
41AAJ866-20190615-200556.jpg 521.5 335.1 624.5 361.6 0.9455 0
41ABY817-20190615-182622.jpg 576.5 310.3 661.4 331.7 0.8908 0
41B5663-20190615-172924.jpg 471.1 260.7 553.8 283.5 0.9286 0
41B5663-20190615-172925.jpg 611.0 315.5 725.2 343.6 0.9080 0
41BY817-20190615-182622.jpg 577.8 305.6 658.1 326.1 0.8607 0
41CB5663-20190615-172925.jpg 564.1 299.4 669.1 325.4 0.9247 0
41EB941-20190615-092118.jpg 423.0 298.6 515.4 323.7 0.9143 0
41EB941-20190615-112753.jpg 917.7 218.6 987.6 241.9 0.9228 0
41EB941-20190615-122603.jpg 450.1 298.8 547.6 326.6 0.9485 0
41EB941-20190615-174302.jpg 895.5 216.4 966.9 241.4 0.9076 0
41EB941-20190615-180236.jpg 880.7 361.0 1019.4 394.1 0.9372 0
41HB455-20190615-145752.jpg 368.9 322.7 480.7 353.8 0.9452 0
41NB455-20190615-145752.jpg 369.1 322.7 480.7 353.8 0.9455 0
41NB455-20190615-145753.jpg 369.0 322.4 480.4 354.0 0.9411 0
41P9851-20190615-094222.jpg 389.3 268.9 477.5 294.8 0.9253 0
41P9851-20190615-094307.jpg 417.2 275.6 513.2 304.2 0.9394 0
41P9851-20190615-094322.jpg 417.5 276.2 512.6 304.2 0.9333 0
41P9851-20190615-094324.jpg 417.0 276.4 512.2 304.3 0.9168 0
41P9851-20190615-143400.jpg 474.7 272.7 559.7 296.6 0.9344 0
41RT133-20190615-201124.jpg 474.3 284.1 558.0 305.9 0.9340 0
41RY133-20190615-201124.jpg 485.0 291.7 579.3 316.2 0.9003 0
41RY133-20190615-202135.jpg 874.1 261.5 953.4 284.3 0.9216 0
41SA145-20190615-184508.jpg 655.0 312.5 748.0 336.2 0.9352 0
42ABJ935-20190615-131318.jpg 710.1 424.2 871.3 469.5 0.9362 0
43BPS633-20190615-173749.jpg 208.3 290.4 306.5 314.1 0.9564 0
43PF357-20190615-120517.jpg 426.2 292.1 516.6 315.1 0.9316 0
43RU9097-20190615-144421.jpg 303.0 290.1 401.0 316.5 0.9286 0
43TAL58-20190615-162322.jpg 869.7 219.0 944.5 242.1 0.9335 0
44KNV50-20190615-172416.jpg 499.6 298.4 594.1 324.1 0.7574 0
45H4571-20190615-113351.jpg 488.7 344.0 601.1 373.7 0.9452 0
45TZ442-20190615-090928.jpg 674.8 325.3 787.2 352.3 0.9401 0
46J7308-20190615-105047.jpg 347.5 293.9 437.6 315.8 0.9535 0
46J7308-20190615-192127.jpg 287.3 299.9 379.6 321.9 0.9446 0
46J7308-20190615-192128.jpg 287.1 299.8 379.7 321.9 0.9446 0
46Z7964-20190615-181822.jpg 541.2 319.9 641.5 345.9 0.9223 0
46Z7964-20190615-181823.jpg 665.0 370.4 793.5 403.5 0.9488 0
48AC067-20190615-150748.jpg 240.0 298.2 329.7 323.8 0.9080 0
48AC067-20190615-150750.jpg 305.3 312.2 408.9 340.6 0.9176 0
48AC067-20190615-150754.jpg 303.4 311.8 405.6 340.0 0.9148 0
48AC067-20190615-150757.jpg 304.0 311.8 405.6 339.8 0.9139 0
48AC067-20190615-150801.jpg 521.1 360.2 651.1 391.4 0.9206 0
48ACO67-20190615-150753.jpg 303.4 311.8 405.6 340.0 0.9151 0
48ACO67-20190615-150755.jpg 303.6 311.7 405.4 339.9 0.9137 0
48ACO67-20190615-150801.jpg 423.4 337.4 541.1 366.8 0.8427 0
48D7154-20190615-004022.jpg 696.2 381.6 852.5 422.5 0.9283 0
48ET434-20190615-182317.jpg 640.0 332.9 773.5 366.0 0.9407 0
48HE845-20190615-202331.jpg 340.6 308.2 432.3 330.0 0.9652 0
48HE845-20190615-202348.jpg 340.7 308.2 432.2 330.0 0.9650 0
48HE845-20190615-202401.jpg 340.8 308.3 432.3 330.0 0.9600 0
48HE845-20190615-202423.jpg 340.7 308.3 432.2 330.1 0.9633 0
48HE846-20190615-202333.jpg 340.5 308.2 432.3 330.0 0.9661 0
48HE846-20190615-202335.jpg 340.7 308.2 432.4 330.0 0.9620 0
48HE846-20190615-202354.jpg 340.7 308.3 432.2 330.0 0.9646 0
48HE846-20190615-202404.jpg 340.9 308.3 432.1 329.9 0.9602 0
48HE846-20190615-202416.jpg 340.9 308.3 432.2 330.0 0.9587 0
48HT978-20190615-141427.jpg 562.4 294.9 653.7 318.2 0.9347 0
48J6160-20190615-160529.jpg 677.8 304.3 771.3 328.6 0.9089 0
48J6760-20190615-160530.jpg 913.6 426.8 1079.7 467.8 0.9272 0
48JJ074-20190615-123832.jpg 489.1 293.8 585.7 322.7 0.9165 0
48L7129-20190615-174521.jpg 644.4 332.2 759.7 365.7 0.9217 0
48L7323-20190615-153322.jpg 342.3 276.3 436.3 301.2 0.9280 0
48SB119-20190615-125922.jpg 592.0 345.1 716.6 375.4 0.8600 0
48SE464-20190615-153712.jpg 686.8 410.6 822.4 444.5 0.9405 0
48V6393-20190615-092202.jpg 587.9 325.7 699.0 353.6 0.9581 0
48VG393-20190615-153604.jpg 391.7 308.0 490.2 332.3 0.9330 0
48Y1955-20190615-190942.jpg 473.5 280.2 563.9 305.8 0.8663 0
48Y1955-20190615-190948.jpg 481.4 295.4 580.0 322.4 0.9080 0
48Y1955-20190615-190953.jpg 481.0 295.4 580.2 322.5 0.9017 0
48Y1955-20190615-190954.jpg 481.0 295.4 580.2 322.5 0.9007 0
48Y1955-20190615-191000.jpg 481.3 295.3 580.0 322.5 0.8957 0
48Y1955-20190615-191004.jpg 481.0 295.4 580.3 322.5 0.9023 0
48Y1955-20190615-191018.jpg 480.4 294.8 579.7 321.9 0.9108 0
48Y1955-20190615-191036.jpg 480.5 294.8 579.7 321.9 0.9132 0
48Y1955-20190615-191059.jpg 480.8 294.9 579.6 321.8 0.8864 0
48Y1955-20190615-191103.jpg 480.4 294.6 579.6 321.9 0.9092 0
48ZO474-20190615-161906.jpg 705.7 306.1 804.4 332.0 0.9185 0
49L7323-20190615-153309.jpg 342.1 276.4 436.3 301.2 0.9223 0
49L7323-20190615-153323.jpg 342.2 276.3 436.3 301.3 0.9269 0
49L7323-20190615-153355.jpg 341.8 276.2 436.4 301.4 0.9152 0
49SB993-20190615-170356.jpg 335.3 284.2 429.6 311.7 0.9057 0
51GK939-20190615-173555.jpg 407.5 325.0 498.4 348.2 0.8946 0
51GK939-20190615-173605.jpg 412.5 325.8 504.0 349.4 0.8951 0
51HB455-20190615-145745.jpg 276.5 308.1 377.0 338.3 0.9408 0
51HB455-20190615-145751.jpg 366.5 322.0 479.2 353.4 0.9344 0
51HB455-20190615-145752.jpg 369.0 322.5 480.5 353.9 0.9426 0
51HB455-20190615-145754.jpg 369.3 322.2 480.3 354.1 0.9370 0
51HB455-20190615-145756.jpg 369.1 322.2 480.3 354.1 0.9386 0
51HB455-20190615-145758.jpg 368.9 322.6 480.3 353.9 0.9450 0
51HB455-20190615-145800.jpg 369.1 322.2 480.3 354.0 0.9372 0
51HB455-20190615-145804.jpg 368.9 322.2 480.2 354.0 0.9386 0
51HB455-20190615-145807.jpg 369.1 322.2 480.2 353.9 0.9370 0
51HB455-20190615-145813.jpg 369.1 322.1 480.3 354.0 0.9363 0
51HB455-20190615-145815.jpg 368.9 322.0 480.4 354.1 0.9369 0
51HB455-20190615-145817.jpg 368.9 322.2 480.3 354.0 0.9362 0
51HB455-20190615-145818.jpg 368.9 322.2 480.3 354.0 0.9376 0
51HB455-20190615-145825.jpg 375.3 324.6 489.0 357.5 0.9510 0
51HB455-20190615-145826.jpg 443.3 323.3 562.8 357.1 0.9339 0
51MB455-20190615-145744.jpg 267.7 305.6 366.5 335.4 0.9297 0
51NB455-20190615-145749.jpg 286.8 310.0 390.5 341.4 0.9626 0
51NB455-20190615-145753.jpg 369.0 322.5 480.4 354.0 0.9407 0
51NB455-20190615-145755.jpg 369.1 322.2 480.3 354.0 0.9388 0
51NB455-20190615-145758.jpg 368.9 322.7 480.3 353.9 0.9436 0
51NB455-20190615-145759.jpg 369.1 322.3 480.4 354.0 0.9406 0
51NB455-20190615-145802.jpg 369.0 322.1 480.2 354.0 0.9373 0
51NB455-20190615-145805.jpg 369.0 322.2 480.3 354.0 0.9380 0
51NB455-20190615-145812.jpg 369.1 322.2 480.3 354.0 0.9385 0
51NB455-20190615-145815.jpg 368.9 322.0 480.4 354.0 0.9378 0
51NB455-20190615-145816.jpg 368.9 322.1 480.4 354.1 0.9373 0
51NB455-20190615-145817.jpg 369.0 322.2 480.3 353.9 0.9370 0
51NB455-20190615-145824.jpg 370.1 322.5 481.5 354.2 0.9415 0
51NB455-20190615-145825.jpg 377.0 325.4 491.4 358.1 0.9607 0
51NB455-20190615-145826.jpg 529.1 351.3 657.1 386.5 0.9431 0
51P9851-20190615-094307.jpg 417.2 275.6 513.2 304.2 0.9398 0
52FH469-20190615-140907.jpg 815.9 296.6 903.1 320.1 0.8997 0
52FM469-20190615-005144.jpg 440.8 300.3 542.3 328.9 0.9480 0
52FM469-20190615-140908.jpg 880.0 332.4 995.7 361.9 0.8883 0
52FM469-20190615-155615.jpg 865.7 232.4 940.0 255.0 0.9028 0
52FM469-20190615-160848.jpg 521.8 297.3 615.7 321.6 0.9218 0
53AAE991-20190615-113522.jpg 882.7 280.2 963.6 301.5 0.9295 0
53BPS633-20190615-173738.jpg 208.7 290.3 306.7 314.0 0.9577 0
53BPS633-20190615-173755.jpg 208.2 290.3 306.5 314.1 0.9564 0
53BSV32-20190615-092002.jpg 384.7 281.9 481.0 313.8 0.9574 0
53BTZ74-20190615-185425.jpg 580.6 302.0 675.8 327.7 0.9186 0
53DN751-20190615-092901.jpg 358.7 293.4 462.1 324.4 0.9408 0
53DN7614-20190615-092902.jpg 359.1 293.5 462.6 324.5 0.9411 0
53E0210-20190615-182111.jpg 592.9 290.0 686.3 313.4 0.9343 0
53E0210-20190615-182115.jpg 600.5 290.5 694.6 313.7 0.9320 0
53EH381-20190615-183505.jpg 526.8 292.3 631.0 320.5 0.9304 0
53EH381-20190615-183539.jpg 552.9 293.2 661.5 323.4 0.9051 0
53FA530-20190615-201413.jpg 365.3 283.7 455.0 309.4 0.6838 0
53FA530-20190615-201414.jpg 374.2 298.4 470.5 321.9 0.9505 0
53FA530-20190615-201435.jpg 373.3 297.8 472.8 325.7 0.8532 0
53GJ730-20190615-104526.jpg 347.2 293.8 437.5 315.7 0.9559 0
53GJ730-20190615-105103.jpg 347.8 294.0 437.5 315.8 0.9532 0
53GJ7308-20190615-104543.jpg 346.3 291.9 438.5 316.4 0.9572 0
53GJ7308-20190615-104724.jpg 345.4 292.4 438.5 317.3 0.9572 0
53GJ7308-20190615-104750.jpg 348.2 294.4 437.2 316.0 0.9540 0
53GJ7308-20190615-104825.jpg 348.0 292.5 438.0 315.5 0.9166 0
53GJ7308-20190615-105502.jpg 867.7 256.4 947.4 279.9 0.9171 0
53GL3722-20190615-125540.jpg 549.7 286.3 644.2 312.3 0.9111 0
53HBH29-20190615-093923.jpg 832.9 390.6 983.1 428.9 0.9373 0
53HLH24-20190615-141334.jpg 547.7 279.0 627.5 301.4 0.9100 0
53HLH24-20190615-141347.jpg 547.6 279.4 627.8 301.5 0.9097 0
53HLH24-20190615-141354.jpg 555.1 288.8 642.6 311.5 0.9214 0
53HLH24-20190615-141357.jpg 588.9 298.3 683.7 322.0 0.9414 0
53HS5625-20190615-111043.jpg 489.4 291.5 591.4 315.6 0.9545 0
53HS5626-20190615-111037.jpg 488.9 290.5 590.6 314.1 0.9530 0
53IIN88-20190615-173443.jpg 330.3 288.5 422.4 311.5 0.9201 0
53J7308-20190615-104641.jpg 345.5 292.1 438.7 317.2 0.9590 0
53JL2377-20190615-180442.jpg 570.1 288.5 661.8 314.1 0.9085 0
53JL6091-20190615-192022.jpg 432.0 283.8 520.4 305.3 0.9209 0
53JL7697-20190615-202243.jpg 624.6 299.8 736.7 330.1 0.9008 0
53KA824-20190615-103433.jpg 901.7 262.0 985.2 285.2 0.9241 0
53KA824-20190615-110009.jpg 630.5 299.8 746.8 330.6 0.9438 0
53KA824-20190615-174100.jpg 872.8 260.5 950.9 282.4 0.9471 0
53KA824-20190615-174100.jpg 895.5 134.1 949.8 148.8 0.5191 0
53KA824-20190615-231756.jpg 626.2 300.1 751.1 332.4 0.9516 0
53KEO210-20190615-182116.jpg 600.5 290.5 694.6 313.8 0.9325 0
53KHY50-20190615-172339.jpg 473.6 293.6 565.5 318.2 0.8320 0
53KL857-20190615-172031.jpg 470.3 287.3 560.2 311.8 0.9126 0
53KLB57-20190615-172030.jpg 465.3 283.9 550.0 307.9 0.9145 0
53KNV50-20190615-172339.jpg 473.2 293.5 565.7 318.2 0.8276 0
53KNV50-20190615-172405.jpg 499.8 298.2 594.3 324.1 0.8558 0
53LE0350-20190615-173102.jpg 288.5 300.5 390.0 333.8 0.9637 0
53LE0350-20190615-173107.jpg 288.6 300.5 390.1 333.8 0.9636 0
53LE0350-20190615-173109.jpg 288.6 300.5 390.1 333.8 0.9641 0
53LE0350-20190615-173113.jpg 288.5 300.4 390.1 333.9 0.9648 0
53LE0350-20190615-173120.jpg 288.4 300.5 390.1 333.9 0.9650 0
53LE0350-20190615-173127.jpg 288.6 300.4 390.1 333.9 0.9645 0
53LE0350-20190615-173144.jpg 288.7 300.4 390.1 333.8 0.9653 0
53LE0350-20190615-173153.jpg 288.8 300.4 390.0 333.8 0.9652 0
53LE0350-20190615-173156.jpg 288.6 300.5 389.9 333.9 0.9638 0
53LE0350-20190615-173159.jpg 288.6 300.5 390.0 333.9 0.9655 0
53LE0350-20190615-173200.jpg 288.5 300.4 390.1 334.0 0.9637 0
53LE0350-20190615-173204.jpg 288.5 300.6 389.9 333.8 0.9634 0
53LE0350-20190615-173205.jpg 288.4 300.4 390.0 333.9 0.9646 0
53LE0350-20190615-173206.jpg 288.4 300.5 390.0 333.9 0.9643 0
53LE0350-20190615-173212.jpg 288.5 300.5 390.1 333.9 0.9629 0
53LE0350-20190615-173216.jpg 288.4 300.4 390.0 334.1 0.9637 0
53LE0350-20190615-173217.jpg 288.6 300.6 390.0 333.9 0.9652 0
53LE0350-20190615-173219.jpg 288.5 300.4 390.0 334.0 0.9639 0
53LE0350-20190615-173223.jpg 541.4 322.8 656.5 353.3 0.9455 0
53LED350-20190615-173136.jpg 288.3 300.6 390.0 333.8 0.9639 0
53LED350-20190615-173154.jpg 288.8 300.4 390.0 333.8 0.9653 0
53LED350-20190615-173215.jpg 288.4 300.3 390.0 334.1 0.9636 0
53LEO350-20190615-173102.jpg 288.6 300.5 389.9 333.8 0.9636 0
53LEO350-20190615-173117.jpg 288.8 300.6 390.1 333.8 0.9650 0
53LEO350-20190615-173124.jpg 288.2 300.4 390.1 333.9 0.9654 0
53LEO350-20190615-173132.jpg 288.4 300.4 390.3 333.9 0.9652 0
53LEO350-20190615-173139.jpg 288.6 300.5 390.0 333.8 0.9644 0
53LEO350-20190615-173221.jpg 292.4 300.2 393.7 333.8 0.9687 0
53LTF45-20190615-113411.jpg 478.2 295.7 575.9 320.1 0.9051 0
53LU225-20190615-192724.jpg 258.2 302.7 352.2 335.9 0.9422 0
53LY3480-20190615-184247.jpg 379.6 300.1 474.4 323.9 0.9314 0
53LY380-20190615-184230.jpg 349.1 290.9 438.5 313.0 0.9168 0
53PB172-20190615-194345.jpg 357.6 296.1 451.1 319.7 0.8958 0
53PF3571-20190615-120531.jpg 426.4 292.0 516.2 315.1 0.9289 0
53PF3671-20190615-120535.jpg 426.2 292.0 516.9 315.3 0.9312 0
53PF4322-20190615-122051.jpg 588.9 364.0 705.1 392.8 0.9294 0
53PG3809-20190615-100215.jpg 433.3 300.7 529.9 326.1 0.9432 0
53PH4240-20190615-144653.jpg 704.3 309.3 814.0 339.9 0.9169 0
53PL1555-20190615-150908.jpg 435.8 302.6 529.1 326.0 0.8169 0
53R1034-20190615-165329.jpg 690.4 346.3 813.6 377.9 0.9310 0
53RAG03-20190615-184055.jpg 532.2 251.2 637.2 281.8 0.9336 0
53RU3826-20190615-091437.jpg 428.9 288.1 524.4 314.4 0.8725 0
53RU9097-20190615-144359.jpg 300.8 286.0 392.8 311.7 0.9213 0
53RU9097-20190615-144418.jpg 301.1 287.5 395.6 313.6 0.9199 0
53RU9097-20190615-144421.jpg 310.5 295.6 413.7 324.3 0.9216 0
53SJ8753-20190615-113508.jpg 487.7 289.9 585.9 316.4 0.9133 0
53SJ8753-20190615-193823.jpg 498.7 280.7 587.6 305.3 0.8965 0
53SK520-20190615-181415.jpg 379.6 286.0 471.3 309.8 0.9400 0
53SK620-20190615-181415.jpg 379.2 287.2 471.5 311.1 0.9271 0
53TAL58-20190615-162112.jpg 450.7 285.8 540.3 310.3 0.9052 0
53TAL58-20190615-162113.jpg 593.4 312.7 697.2 339.8 0.9353 0
53TDJ52-20190615-145040.jpg 407.9 300.4 508.8 325.3 0.8936 0
53TDJ62-20190615-145033.jpg 407.5 300.2 508.8 325.4 0.7470 0
53TDJ62-20190615-145040.jpg 407.9 300.4 508.8 325.3 0.8947 0
53TDJ62-20190615-145041.jpg 407.9 300.4 508.8 325.4 0.8944 0
53TDJ62-20190615-145155.jpg 408.3 300.5 508.5 325.4 0.8999 0
53TFL85-20190615-174815.jpg 527.6 284.5 621.2 308.2 0.9130 0
53TGA52-20190615-172134.jpg 421.5 292.0 520.9 315.7 0.9281 0
53TGA52-20190615-172157.jpg 420.7 292.5 520.3 315.8 0.9268 0
53TGA52-20190615-172159.jpg 420.4 292.5 520.1 315.8 0.9260 0
53TGA52-20190615-172205.jpg 420.7 292.5 520.4 315.8 0.9231 0
53THR03-20190615-153707.jpg 626.7 300.6 729.2 326.2 0.8902 0
53UA532-20190615-182554.jpg 898.6 274.8 974.2 295.6 0.9243 0
53UC109-20190615-093509.jpg 434.0 296.0 530.7 320.8 0.9401 0
53UC179-20190615-093459.jpg 433.8 296.0 531.1 321.0 0.9444 0
53UC179-20190615-093513.jpg 433.7 295.9 531.1 320.7 0.9436 0
53UC179-20190615-093527.jpg 433.5 296.1 531.1 321.3 0.9406 0
53UC179-20190615-110437.jpg 863.3 267.6 952.2 294.6 0.9064 0
53UCI75-20190615-093445.jpg 434.8 297.1 531.3 321.7 0.9408 0
53UU765-20190615-121501.jpg 871.3 226.4 955.8 251.1 0.9205 0
53UV4383-20190615-080720.jpg 539.5 306.6 643.6 333.3 0.9300 0
53UZ135-20190615-114520.jpg 619.7 314.7 730.7 343.5 0.8503 0
53UZ3577-20190615-182611.jpg 482.4 279.8 579.3 303.5 0.9472 0
53UZ3577-20190615-182616.jpg 482.2 279.8 579.3 303.2 0.9493 0
53UZ3677-20190615-182607.jpg 462.5 275.7 556.2 298.0 0.9391 0
53VS654-20190615-202718.jpg 643.5 320.7 746.1 344.7 0.9004 0
53YM3377-20190615-194124.jpg 892.5 379.1 1043.0 420.4 0.9345 0
53Z8705-20190615-074736.jpg 291.6 266.3 365.8 286.7 0.9033 0
54CBA05-20190615-073848.jpg 620.7 296.0 710.4 317.9 0.8948 0
54HF900-20190615-152941.jpg 313.6 295.4 402.7 318.0 0.9224 0
54IB455-20190615-145743.jpg 249.9 299.1 341.3 326.1 0.9335 0
54IB455-20190615-145745.jpg 281.2 309.6 383.4 340.8 0.9512 0
54KNY50-20190615-172332.jpg 413.3 285.0 499.5 308.4 0.8984 0
54PL3596-20190615-201739.jpg 749.1 391.8 903.2 429.0 0.9347 0
54PL8619-20190615-140003.jpg 521.2 314.9 608.6 337.7 0.9365 0
54RU9097-20190615-144411.jpg 301.2 287.2 395.4 313.1 0.9075 0
54RY1955-20190615-191006.jpg 481.3 295.4 580.3 322.4 0.9015 0
54UZ3677-20190615-182609.jpg 482.2 279.9 579.1 303.4 0.9486 0
54VA937-20190615-114324.jpg 894.8 272.8 972.1 295.8 0.9404 0
54VA937-20190615-181837.jpg 488.5 284.0 571.1 307.5 0.7480 0
54YT422-20190615-143324.jpg 366.3 308.4 468.3 336.1 0.9065 0
54ZU464-20190615-203134.jpg 665.2 321.7 781.1 351.3 0.9516 0
55SD940-20190615-200550.jpg 767.3 413.7 924.5 449.0 0.9119 0
56VA937-20190615-114324.jpg 863.8 269.0 940.8 292.0 0.9462 0
58KA824-20190615-231757.jpg 757.9 362.1 919.3 402.2 0.9303 0
59KL220-20190615-123638.jpg 537.3 274.7 627.2 299.2 0.9222 0
59KL220-20190615-123643.jpg 537.7 274.6 626.9 299.3 0.9199 0
59KL220-20190615-123647.jpg 549.4 277.1 641.1 302.9 0.9489 0
59KL220-20190615-123650.jpg 549.0 277.8 640.9 303.5 0.7159 0
59KL220-20190615-123650.jpg 548.9 277.6 641.0 303.3 0.5258 0
59KL220-20190615-123657.jpg 548.9 278.0 640.3 303.1 0.9291 0
59KL220-20190615-123700.jpg 548.8 277.9 640.4 303.0 0.8266 0
59KL220-20190615-123705.jpg 548.4 278.1 640.0 302.9 0.9486 0
59KL220-20190615-123709.jpg 548.8 277.8 640.3 302.9 0.9298 0
59KL220-20190615-123730.jpg 555.3 278.5 648.4 304.3 0.9193 0
59KL220-20190615-123732.jpg 568.1 281.3 664.3 308.1 0.9264 0
59KL220-20190615-185552.jpg 600.7 289.8 687.2 315.8 0.9041 0
59KL220-20190615-185600.jpg 346.6 272.4 429.1 294.0 0.9039 0
59KL220-20190615-185625.jpg 346.7 271.0 430.3 292.6 0.9049 0
59KL220-20190615-185628.jpg 795.1 318.1 878.3 340.8 0.8873 0
59KL220-20190615-185629.jpg 874.1 340.7 968.0 365.5 0.9388 0
59KL220-20190615-185702.jpg 347.1 271.2 430.2 292.5 0.9076 0
59KL220-20190615-185716.jpg 347.1 271.2 430.2 292.6 0.9057 0
59KL220-20190615-185743.jpg 831.8 296.6 922.3 319.8 0.8869 0
59KL220-20190615-185744.jpg 892.0 359.9 1021.8 391.2 0.9352 0
59KL220-20190615-185756.jpg 779.0 285.9 864.4 307.0 0.8752 0
59KL220-20190615-185757.jpg 846.4 315.2 952.9 340.4 0.5276 0
59KL220-20190615-185758.jpg 932.9 374.3 1076.3 406.7 0.9166 0
59KL220-20190615-185812.jpg 864.8 302.4 973.0 328.4 0.5334 0
59KL220-20190615-185847.jpg 346.6 271.1 430.1 292.4 0.8971 0
59KL220-20190615-185902.jpg 344.7 271.8 427.7 293.3 0.9096 0
59RR306-20190615-155422.jpg 472.6 287.6 560.8 309.9 0.9227 0
59XL220-20190615-123637.jpg 537.4 276.3 627.0 301.0 0.9221 0
59XL220-20190615-123642.jpg 538.0 274.6 626.8 299.3 0.9205 0
59XL220-20190615-123646.jpg 549.1 278.1 641.0 304.0 0.9357 0
59XL220-20190615-123648.jpg 549.6 277.6 640.7 303.4 0.9479 0
59XL220-20190615-123657.jpg 548.9 278.0 640.3 303.1 0.9230 0
59XL220-20190615-123659.jpg 548.8 277.8 640.4 303.0 0.7695 0
59XL220-20190615-123730.jpg 555.8 279.5 649.9 305.3 0.9289 0
59XL220-20190615-123731.jpg 560.9 280.3 656.4 306.4 0.9465 0
59XL220-20190615-185558.jpg 345.4 272.2 429.3 294.0 0.9051 0
59XL220-20190615-185625.jpg 346.7 271.0 430.3 292.6 0.9068 0
59XL220-20190615-185658.jpg 347.2 271.2 430.1 292.5 0.9038 0
59XL220-20190615-185716.jpg 347.0 271.2 430.2 292.6 0.9061 0
59XL220-20190615-185847.jpg 346.7 271.1 430.0 292.3 0.9014 0
59XL220-20190615-185900.jpg 345.9 272.6 429.2 294.1 0.9159 0
59YL939-20190615-084818.jpg 465.3 293.2 553.5 316.3 0.9181 0
59YL939-20190615-133026.jpg 625.7 355.1 752.9 387.1 0.9500 0
600x480.jpg 245.8 285.2 370.2 356.0 0.8845 1
60Y9873-20190615-155202.jpg 646.5 288.6 739.7 314.1 0.9153 0
62Y2547-20190615-130406.jpg 812.9 355.5 938.1 388.0 0.9327 0
63FA530-20190615-201414.jpg 373.0 297.1 469.6 320.5 0.9496 0
63LE0350-20190615-173123.jpg 288.2 300.4 390.1 334.0 0.9651 0
63V5654-20190615-202744.jpg 911.6 405.0 1069.1 443.3 0.9238 0
63VS554-20190615-202705.jpg 643.0 320.6 746.3 345.0 0.8895 0
63VS654-20190615-202700.jpg 618.2 297.7 703.5 319.5 0.8886 0
63VS654-20190615-202706.jpg 643.4 320.6 746.5 344.8 0.8975 0
63VS654-20190615-202719.jpg 643.7 320.5 746.7 344.7 0.9067 0
64LU1352-20190615-181031.jpg 419.6 306.4 523.6 334.0 0.9515 0
64PL7323-20190615-153358.jpg 341.6 276.2 436.4 301.4 0.9192 0
654968619j54.jpg 169.6 203.9 239.9 240.3 0.6389 1
68CZ437-20190615-140906.jpg 348.1 280.1 439.5 305.0 0.9223 0
68CZ437-20190615-140910.jpg 345.8 280.2 437.1 304.3 0.9379 0
68CZ437-20190615-140911.jpg 345.7 280.5 437.0 304.2 0.9370 0
68CZ437-20190615-140916.jpg 345.5 280.4 436.8 304.2 0.9394 0
69KL220-20190615-123649.jpg 549.1 277.7 640.9 303.5 0.8739 0
69KL220-20190615-123705.jpg 548.5 278.1 640.0 302.8 0.9506 0
69KL220-20190615-123709.jpg 548.8 277.8 640.3 302.9 0.9302 0
69XL220-20190615-123643.jpg 537.5 274.6 626.8 299.3 0.9213 0
74BF241-20190615-170640.jpg 446.0 296.9 544.3 323.7 0.9200 0
74BF241-20190615-170644.jpg 443.9 301.7 546.7 329.4 0.9034 0
74BF241-20190615-170652.jpg 443.5 301.8 546.8 329.6 0.9003 0
74BF241-20190615-170707.jpg 443.8 301.5 546.9 329.5 0.9022 0
74BF241-20190615-171426.jpg 849.2 269.1 925.5 289.0 0.9287 0
74BFZ41-20190615-170644.jpg 443.7 301.7 546.7 329.5 0.9030 0
74BFZ41-20190615-170651.jpg 443.6 301.7 546.8 329.6 0.8998 0
74BFZ41-20190615-170707.jpg 443.7 301.4 546.9 329.5 0.9019 0
78AY664-20190615-135931.jpg 503.6 296.7 600.1 321.4 0.9269 0
78AY664-20190615-145628.jpg 455.5 318.7 567.3 347.9 0.9223 0
78AY664-20190615-182536.jpg 547.3 310.6 653.0 336.8 0.9225 0
78AY664-20190615-200817.jpg 567.2 289.3 659.7 312.3 0.9202 0
78SV545-20190615-133803.jpg 910.8 246.2 995.5 268.8 0.9119 0
83BEU982-20190615-163211.jpg 825.0 220.0 897.2 243.6 0.5814 0
83EJ469-20190615-143001.jpg 1177.7 317.2 1267.8 344.3 0.8806 0
83HL2663-20190615-135120.jpg 534.2 296.0 638.1 322.8 0.9130 0
83JL7597-20190615-202242.jpg 543.9 284.1 646.5 314.0 0.9359 0
83KT3266-20190615-103710.jpg 805.6 297.4 910.8 324.9 0.9428 0
83KT3266-20190615-140259.jpg 485.8 285.6 584.8 310.3 0.8993 0
83KT3266-20190615-140259.jpg 1260.0 297.2 1280.2 323.6 0.7056 0
83PF3571-20190615-120515.jpg 426.7 292.2 517.0 315.3 0.9331 0
83TDJ52-20190615-145019.jpg 408.0 300.3 508.7 325.4 0.7824 0
83TDJ62-20190615-145155.jpg 408.3 300.6 508.5 325.4 0.9034 0
84KP5693-20190615-142552.jpg 599.5 360.4 710.8 387.6 0.9493 0
84L0867-20190615-222032.jpg 714.6 342.4 849.3 377.9 0.9472 0
84LU1352-20190615-180948.jpg 419.5 306.5 523.5 334.0 0.9527 0
84LU1352-20190615-180949.jpg 419.5 306.5 523.6 334.0 0.9522 0
84LU1352-20190615-180951.jpg 419.7 306.4 523.6 334.0 0.9509 0
84LU1352-20190615-180956.jpg 419.6 306.4 523.6 333.9 0.9529 0
84LU1352-20190615-181004.jpg 419.6 306.4 523.5 333.9 0.9529 0
84LU1352-20190615-181006.jpg 419.6 306.4 523.6 333.9 0.9522 0
84LU1352-20190615-181022.jpg 419.3 306.4 523.8 334.0 0.9523 0
84LU1352-20190615-181025.jpg 419.3 306.4 523.6 334.0 0.9535 0
84LU1352-20190615-181027.jpg 419.4 306.4 523.6 334.0 0.9533 0
84LU1352-20190615-181041.jpg 540.0 331.7 663.8 364.6 0.9589 0
84PG798-20190615-175935.jpg 320.0 308.0 421.9 335.5 0.9518 0
84PL1410-20190615-194305.jpg 570.7 360.4 687.1 392.7 0.8762 0
84PL3596-20190615-201739.jpg 669.9 357.6 806.2 390.5 0.7629 0
84PL3596-20190615-201739.jpg 670.2 357.8 806.5 390.9 0.6376 0
84PL7323-20190615-153311.jpg 342.2 276.4 435.9 301.0 0.9055 0
84PL7323-20190615-153314.jpg 342.3 276.3 436.4 301.3 0.9228 0
84PL7323-20190615-153317.jpg 342.3 276.3 436.2 301.3 0.9268 0
84PL7323-20190615-153319.jpg 342.2 276.3 436.5 301.2 0.9206 0
84PL7323-20190615-153320.jpg 342.2 276.3 436.4 301.1 0.9151 0
84PL7323-20190615-153321.jpg 342.2 276.3 436.3 301.1 0.9299 0
84PL7323-20190615-153326.jpg 342.0 276.3 436.3 301.3 0.9266 0
84PL7323-20190615-153334.jpg 342.2 276.3 436.5 301.4 0.9190 0
84PL7323-20190615-153335.jpg 342.1 276.4 436.1 301.2 0.9091 0
84PL7323-20190615-153338.jpg 342.2 276.2 436.6 301.4 0.6140 0
84PL7323-20190615-153338.jpg 1033.3 369.6 1185.9 410.2 0.5623 0
84PL7323-20190615-153341.jpg 341.7 276.3 436.2 301.3 0.9206 0
84PL7323-20190615-153349.jpg 342.2 276.3 436.2 301.2 0.9231 0
84PL7323-20190615-153355.jpg 341.8 276.2 436.4 301.3 0.9154 0
84PL7323-20190615-153357.jpg 341.6 276.2 436.3 301.4 0.9199 0
84PL7323-20190615-153358.jpg 341.7 276.2 436.4 301.4 0.9189 0
84RY1955-20190615-190950.jpg 481.2 295.4 580.0 322.4 0.9023 0
84RY1955-20190615-190952.jpg 481.3 295.5 580.0 322.6 0.8984 0
84RY1955-20190615-190955.jpg 481.3 295.6 580.1 322.4 0.8984 0
84RY1955-20190615-190957.jpg 481.3 295.6 580.1 322.4 0.8985 0
84RY1955-20190615-191006.jpg 481.3 295.5 580.2 322.4 0.8996 0
84RY1955-20190615-191015.jpg 480.3 294.8 579.9 321.9 0.9096 0
84RY1955-20190615-191103.jpg 480.4 294.6 579.6 321.9 0.9093 0
84RY1955-20190615-191110.jpg 530.2 333.6 656.5 367.1 0.9236 0
84TJ3599-20190615-105628.jpg 896.6 452.0 1099.3 504.0 0.9372 0
84UZ9557-20190615-190028.jpg 652.4 352.2 781.8 386.6 0.9460 0
84YT422-20190615-143347.jpg 366.8 308.6 468.2 336.1 0.9079 0
8dec-bmw-e60-kare-plakalik-otaksan-tuning-0-1-550x550.jpg 217.8 308.9 315.8 359.5 0.6751 1
93TFZ55-20190615-053212.jpg 875.6 224.1 957.8 249.5 0.9480 0
93UZ513-20190615-174934.jpg 817.4 215.4 886.6 237.4 0.8735 0
94FG5575-20190615-120202.jpg 1077.1 444.1 1261.9 494.6 0.9254 0
94GG3850-20190615-172000.jpg 610.1 337.1 729.2 365.7 0.9320 0
94PL7323-20190615-153310.jpg 342.2 276.3 436.3 301.0 0.9020 0
94PL8619-20190615-175929.jpg 855.2 385.0 970.7 416.3 0.9543 0
94RY1955-20190615-190956.jpg 481.3 295.6 580.0 322.4 0.8983 0
94RY1955-20190615-190959.jpg 481.2 295.4 580.1 322.5 0.9005 0
94RY1955-20190615-191020.jpg 480.4 294.8 579.7 321.8 0.9152 0
94RY1955-20190615-191026.jpg 480.3 294.6 579.7 321.8 0.9102 0
94RY1955-20190615-191103.jpg 480.4 294.6 579.6 321.9 0.9097 0
94RY1955-20190615-191106.jpg 481.8 296.1 584.4 324.3 0.9066 0
94YP7580-20190615-150000.jpg 1001.0 493.2 1215.1 549.4 0.8455 0
94YT422-20190615-143321.jpg 366.2 308.3 468.3 336.0 0.9069 0
94YT422-20190615-143322.jpg 366.1 308.4 468.3 336.1 0.9064 0
94YT422-20190615-143330.jpg 366.6 308.4 468.3 336.0 0.9111 0
94YT422-20190615-143339.jpg 366.5 308.3 468.2 336.2 0.9078 0
99SB993-20190615-170357.jpg 335.6 284.2 429.8 311.6 0.9064 0
Ekran resim 2025-06-12 17063611.jpg 104.3 270.8 149.8 299.0 0.8252 1
Ekran resim 2025-06-12 171425.jpg 104.4 310.5 162.3 339.8 0.7769 1
Ekran resim 2025-06-12 171527.jpg 47.3 248.7 84.7 270.5 0.9015 1
Ekran resim 2025-06-12 171622.jpg 108.9 269.6 167.8 299.3 0.7645 1
Ekran resim 2025-06-12 171708.jpg 129.4 229.3 166.4 249.7 0.6695 1
Ekran resim 2025-06-12 171843.jpg 210.4 240.8 292.8 284.3 0.8773 1
Ekran resim 2025-06-12 172132.jpg 250.0 321.3 336.3 360.0 0.8866 1
Ekran resim 2025-06-12 172656.jpg 226.9 321.7 272.7 346.6 0.6414 1
Ekran resim 2025-06-12 172656.jpg 227.7 322.4 271.9 342.1 0.5708 0
Ekran resim 2025-06-12 173023.jpg 227.4 301.2 294.9 323.3 0.6718 0
Ekran resim 2025-06-12 173059.jpg 190.6 272.9 263.4 311.1 0.5426 1
Ekran resim 2025-06-12 173059.jpg 187.1 272.9 262.0 311.2 0.5243 1
Ekran resim 2025-06-12 173139.jpg 223.9 263.3 278.7 284.9 0.5157 0
Ekran resim 2025-06-12 173452.jpg 214.9 292.2 305.7 338.9 0.6285 1
Ekran resim 2025-06-12 173531.jpg 394.2 281.9 446.7 313.9 0.8629 1
Ekran resim 2025-06-12 173717.jpg 380.2 264.9 444.1 302.7 0.9049 1
Ekran resim 2025-06-12 173745.jpg 76.9 244.9 146.0 286.5 0.9008 1
Ekran resim 2025-06-12 173745.jpg 208.1 281.5 275.6 297.4 0.6578 0
Ekran resim 2025-06-12 173830.jpg 205.4 289.5 297.0 340.7 0.8817 1
Ekran resim 2025-06-12 173830.jpg 258.0 5.3 311.7 20.3 0.5576 0
Ekran resim 2025-06-12 173925.jpg 235.6 235.7 280.9 259.1 0.8187 1
Ekran resim 2025-06-12 173925.jpg 236.1 235.9 281.0 252.9 0.5943 0
Ekran resim 2025-06-12 173956.jpg 330.4 193.4 360.6 210.7 0.5851 0
Ekran resim 2025-06-12 174218.jpg 249.2 294.1 332.0 334.2 0.8630 1
Ekran resim 2025-06-12 174307.jpg 85.7 222.2 146.8 260.1 0.8953 1
Ekran resim 2025-06-12 174340.jpg 241.0 227.3 301.5 259.5 0.8456 1
Ekran resim 2025-06-12 174416.jpg 291.8 274.4 345.6 288.1 0.6886 0
Ekran resim 2025-06-12 174524.jpg 123.0 294.8 179.4 322.4 0.6785 1
Ekran resim 2025-06-12 174524.jpg 119.2 294.7 178.9 322.4 0.6635 1
Ekran resim 2025-06-12 174612.jpg 124.7 278.8 202.7 324.8 0.8947 1
Ekran resim 2025-06-12 174641.jpg 339.5 295.9 409.1 334.6 0.8985 1
Ekran resim 2025-06-12 174808.jpg 220.6 309.2 309.5 355.4 0.7610 1
Ekran resim 2025-06-12 174935.jpg 156.5 224.2 207.1 250.9 0.6200 1
Ekran resim 2025-06-12 175002.jpg 234.4 232.3 298.7 266.2 0.7088 1
Ekran resim 2025-06-12 175032.jpg 328.1 222.0 379.6 249.3 0.7399 1
Ekran resim 2025-06-12 175208.jpg 232.9 270.0 310.4 310.1 0.8815 1
Ekran resim 2025-06-12 175234.jpg 53.3 234.4 95.0 263.1 0.6932 1
Ekran resim 2025-06-12 175505.jpg 231.4 306.1 319.3 353.4 0.8360 1
Ekran resim 2025-06-12 175616.jpg 119.7 305.2 163.0 326.7 0.7272 1
Ekran resim 2025-06-12 175646.jpg 117.1 275.1 165.4 300.1 0.6432 1
Ekran resim 2025-06-12 175737.jpg 202.5 273.3 242.6 298.3 0.5725 1
Ekran resim 2025-06-12 180151.jpg 110.5 269.7 150.4 290.6 0.5812 1
Ekran resim 2025-06-12 180310.jpg 211.6 280.5 309.4 331.1 0.8212 1
Ekran resim 2025-06-12 180342.jpg 89.9 265.9 159.5 306.4 0.8038 1
Ekran resim 2025-06-12 180611.jpg 84.6 286.9 151.0 318.6 0.6507 1
Ekran resim 2025-06-12 180640.jpg 289.2 293.0 362.8 335.3 0.6213 1
Ekran resim 2025-06-12 180851.jpg 120.0 205.3 161.4 230.3 0.6310 1
Ekran resim 2025-06-12 180929.jpg 241.7 204.0 286.6 228.1 0.8341 1
Ekran resim 2025-06-12 181013.jpg 122.9 227.3 165.5 251.1 0.8691 1
Ekran resim 2025-06-12 181045.jpg 125.2 199.1 167.9 221.9 0.8933 1
Ekran resim 2025-06-12 181303.jpg 214.1 316.3 261.8 342.6 0.7837 1
Ekran resim 2025-06-12 181335.jpg 365.3 262.4 416.4 292.5 0.7512 1
Ekran resim 2025-06-12 181406.jpg 212.0 281.2 288.7 322.0 0.6798 1
Ekran resim 2025-06-12 181406.jpg 4.6 5.7 70.4 19.3 0.6792 0
Ekran resim 2025-06-12 181406.jpg 216.8 280.9 288.5 321.1 0.6678 1
Ekran resim 2025-06-12 181451.jpg 238.7 319.7 292.1 352.7 0.5266 1
Ekran resim 2025-06-12 181650.jpg 228.6 296.4 288.0 333.4 0.8081 1
Ekran resim 2025-06-12 181900.jpg 140.9 269.1 188.4 292.6 0.6419 1
Ekran resim 2025-06-12 182037.jpg 151.6 284.3 213.4 316.9 0.8247 1
Ekran resim 2025-06-12 184236.jpg 222.2 238.9 276.2 267.8 0.8819 1
Ekran resim 2025-06-12 184409.jpg 192.7 284.2 253.6 314.9 0.7642 1
Ekran resim 2025-06-12 184617.jpg 222.7 263.9 282.6 295.6 0.5574 1
Ekran resim 2025-06-12 184718.jpg 101.6 268.4 171.7 300.2 0.8144 1
Ekran resim 2025-06-12 184932.jpg 232.4 303.1 304.5 341.0 0.8242 1
Ekran resim 2025-06-12 185259.jpg 110.9 331.3 166.6 360.7 0.8615 1
WhatsApp 2025-06-12 saat 18.30.03_1291f285.jpg 616.4 754.8 749.2 837.9 0.6444 1
WhatsApp 2025-06-12 saat 18.30.03_6046bad8.jpg 522.2 517.9 665.2 598.7 0.5854 1
WhatsApp 2025-06-12 saat 18.30.03_7de1893d.jpg 522.2 517.9 665.2 598.7 0.5854 1
WhatsApp 2025-06-12 saat 18.30.03_849d2c2c.jpg 555.1 774.3 858.7 961.4 0.8217 1
WhatsApp 2025-06-12 saat 18.30.04_7d142a5b.jpg 944.3 510.3 1087.2 566.2 0.8382 0
f77fcb1e0ebb45c37aaf2d3b11c4745d (1).jpg 661.6 522.2 867.8 649.8 0.7981 1
hq720.jpg 291.4 285.2 399.6 342.9 0.7954 1
image_750x_63ceb0f1b439f.jpg 407.1 171.4 509.2 234.0 0.8009 1
image_750x_63ceb0f7bb4db (1).jpg 455.1 244.9 619.9 338.8 0.8784 1
image_750x_63ceb0f7bb4db (2).jpg 455.1 244.9 619.9 338.8 0.8784 1
image_750x_63ceb0f7bb4db.jpg 455.1 244.9 619.9 338.8 0.8784 1
images (6).jpg 78.5 77.4 150.4 125.9 0.5587 1
mercedes-amg-e-63-s-w213-2021-c303820052022140828_4.jpg 2373.1 743.3 2541.7 815.8 0.7646 0
subaru-app-plaka-1.jpg 393.9 582.8 621.4 702.4 0.8028 1
vJdOgr (1).jpg 442.4 1178.2 819.5 1401.1 0.9144 1
vJdOgr.jpg 442.4 1178.2 819.5 1401.1 0.9144 1
x5_12298290180dz.jpg 212.8 229.0 314.8 283.6 0.7256 1
